machine_id,time_stamp,event_type,status,cpu_core_num,mem_size
m_0,0,ADD,OK,64,32
m_1,0,ADD,OK,16,256
m_2,0,ADD,OK,8,128
m_3,0,ADD,OK,8,128
m_4,0,ADD,OK,64,32
m_5,0,ADD,OK,32,32
m_6,0,ADD,OK,64,64
m_7,0,ADD,OK,32,64
m_8,0,ADD,OK,32,128
m_9,0,ADD,OK,64,64
m_7,348728,ADD,OK,,
m_3,196939,ADD,OK,,
m_5,64409,ADD,OK,,
m_9,333702,ADD,OK,,
m_0,102714,ADD,OK,,
m_5,284855,ADD,OK,,
m_9,542343,ADD,OK,,
m_4,327937,ADD,OK,,
m_5,26595,ADD,OK,,
m_9,544355,ADD,OK,,
m_7,411151,ADD,OK,,
m_9,168913,REMOVE,OK,,
m_9,409685,ADD,OK,,
m_8,527369,ADD,OK,,
m_3,546015,ADD,OK,,
m_8,35209,ADD,OK,,
m_3,332323,ADD,OK,,
m_2,287767,ADD,OK,,
m_1,188376,ADD,OK,,
m_1,323323,ADD,OK,,
m_2,546345,REMOVE,OK,,
m_8,87452,ADD,OK,,
m_8,17042,ADD,OK,,
m_6,75803,ADD,OK,,
m_2,428944,ADD,OK,,
m_6,169491,ADD,OK,,
m_3,146981,REMOVE,OK,,
m_8,348373,ADD,OK,,
m_9,527543,ADD,OK,,
m_6,291360,ADD,OK,,
m_5,510793,ADD,OK,,
m_9,119611,ADD,OK,,
m_1,121346,ADD,OK,,
m_3,341357,ADD,OK,,
m_9,496841,ADD,OK,,
m_7,546100,REMOVE,OK,,
m_4,132902,REMOVE,OK,,
m_9,153539,ADD,OK,,
m_9,254034,ADD,OK,,
m_4,509056,ADD,OK,,
m_4,74809,ADD,OK,,
m_8,35317,ADD,OK,,
m_8,596482,ADD,OK,,
m_2,593119,ADD,OK,,
m_0,526529,ADD,OK,,
m_4,348355,ADD,OK,,
m_4,164848,ADD,OK,,
m_7,423756,ADD,OK,,
m_1,429826,ADD,OK,,
m_9,89556,ADD,OK,,
m_6,173587,ADD,OK,,
m_9,315031,ADD,OK,,
m_4,490761,ADD,OK,,
m_9,173813,ADD,OK,,
m_8,557479,ADD,OK,,
m_1,246213,ADD,OK,,
m_4,556098,REMOVE,OK,,
m_5,222295,REMOVE,OK,,
m_0,405739,ADD,OK,,
m_5,83079,REMOVE,OK,,
m_4,455821,ADD,OK,,
m_1,332007,ADD,OK,,
m_7,374378,ADD,OK,,
m_5,372396,ADD,OK,,
m_1,439739,ADD,OK,,
m_7,95467,ADD,OK,,
m_6,270753,ADD,OK,,
m_7,583817,ADD,OK,,
m_1,416189,ADD,OK,,
m_3,577253,ADD,OK,,
m_3,313437,ADD,OK,,
m_2,499601,ADD,OK,,
m_7,271550,ADD,OK,,
m_4,370870,REMOVE,OK,,
m_5,179978,ADD,OK,,
m_0,402934,ADD,OK,,
m_1,144709,ADD,OK,,
m_4,266001,ADD,OK,,
m_5,176588,ADD,OK,,
m_7,184186,ADD,OK,,
m_6,365974,ADD,OK,,
m_7,423752,ADD,OK,,
m_9,195125,ADD,OK,,
m_9,576752,ADD,OK,,
m_2,403272,ADD,OK,,
m_0,476741,ADD,OK,,
m_8,411089,ADD,OK,,
m_0,19134,ADD,OK,,
m_9,203103,ADD,OK,,
m_5,115759,ADD,OK,,
m_7,555533,ADD,OK,,
m_0,231151,ADD,OK,,
m_0,98635,ADD,OK,,
m_6,91299,ADD,OK,,
m_4,286795,ADD,OK,,
m_6,52135,ADD,OK,,
m_3,43298,ADD,OK,,
m_9,119754,ADD,OK,,
m_3,296415,ADD,OK,,
m_1,413533,ADD,OK,,
m_7,471699,REMOVE,OK,,
m_2,404765,ADD,OK,,
m_3,466591,ADD,OK,,
m_4,207632,ADD,OK,,
m_2,483015,ADD,OK,,
m_9,484828,ADD,OK,,
m_0,112651,ADD,OK,,
m_1,258072,ADD,OK,,
m_9,435486,ADD,OK,,
m_8,504681,ADD,OK,,
m_8,550712,ADD,OK,,
m_8,5348,ADD,OK,,
m_0,26171,ADD,OK,,
m_3,584967,ADD,OK,,
m_3,149497,ADD,OK,,
m_0,552460,ADD,OK,,
m_8,78185,ADD,OK,,
m_3,408386,ADD,OK,,
m_6,218435,ADD,OK,,
m_9,104424,ADD,OK,,
m_9,279076,ADD,OK,,
m_4,127064,REMOVE,OK,,
m_1,546665,ADD,OK,,
m_4,38701,ADD,OK,,
m_0,34634,ADD,OK,,
m_6,23171,ADD,OK,,
m_9,196417,ADD,OK,,
m_0,323593,ADD,OK,,
m_7,294984,ADD,OK,,
m_0,237109,ADD,OK,,
m_9,104790,ADD,OK,,
m_3,484115,ADD,OK,,
m_5,535783,ADD,OK,,
m_5,431067,ADD,OK,,
m_4,140983,ADD,OK,,
m_1,95648,ADD,OK,,
m_3,395389,ADD,OK,,
m_3,501365,ADD,OK,,
m_8,232465,ADD,OK,,
m_8,363688,ADD,OK,,
m_1,273014,ADD,OK,,
m_1,100965,ADD,OK,,
m_7,5600,ADD,OK,,
m_2,481216,ADD,OK,,
m_7,149268,ADD,OK,,
m_8,414696,ADD,OK,,
m_7,591143,ADD,OK,,
m_9,479113,REMOVE,OK,,
m_2,67686,REMOVE,OK,,
m_7,220847,ADD,OK,,
m_1,265863,ADD,OK,,
m_2,4418,ADD,OK,,
m_0,567188,ADD,OK,,
m_2,222270,ADD,OK,,
m_3,467443,ADD,OK,,
m_1,322515,ADD,OK,,
m_2,359524,ADD,OK,,
m_7,69945,ADD,OK,,
m_2,329056,ADD,OK,,
m_1,321803,ADD,OK,,
m_6,538793,ADD,OK,,
m_0,139034,ADD,OK,,
m_6,480577,ADD,OK,,
m_6,591859,ADD,OK,,
m_1,459588,ADD,OK,,
m_9,418447,ADD,OK,,
m_7,468960,ADD,OK,,
m_5,427376,ADD,OK,,
m_9,197000,ADD,OK,,
m_9,93971,ADD,OK,,
m_4,536224,ADD,OK,,
m_7,290773,ADD,OK,,
m_4,295922,ADD,OK,,
m_4,249584,REMOVE,OK,,
m_3,438178,ADD,OK,,
m_2,406389,REMOVE,OK,,
m_3,397364,ADD,OK,,
m_9,170907,ADD,OK,,
m_8,73838,ADD,OK,,
m_3,111030,ADD,OK,,
m_4,145465,ADD,OK,,
m_7,4000,ADD,OK,,
m_8,446061,ADD,OK,,
m_8,456382,ADD,OK,,
m_2,576070,ADD,OK,,
m_6,11397,ADD,OK,,
m_1,394256,ADD,OK,,
m_6,155380,ADD,OK,,
m_6,339345,ADD,OK,,
m_1,63196,ADD,OK,,
m_4,258964,ADD,OK,,
m_2,429304,ADD,OK,,
m_2,153172,ADD,OK,,
m_8,341381,ADD,OK,,
m_4,333015,ADD,OK,,
m_8,39616,REMOVE,OK,,
m_3,28743,ADD,OK,,
m_9,282432,ADD,OK,,
m_1,526613,ADD,OK,,
m_8,273024,ADD,OK,,
m_4,550893,ADD,OK,,
m_3,335794,ADD,OK,,
m_5,252590,ADD,OK,,
m_4,460555,ADD,OK,,
m_1,361247,ADD,OK,,
m_0,260917,ADD,OK,,
m_1,248287,REMOVE,OK,,
m_9,68295,ADD,OK,,
m_3,477081,REMOVE,OK,,
m_1,288635,ADD,OK,,
m_0,360554,ADD,OK,,
m_5,189603,ADD,OK,,
m_7,539229,ADD,OK,,
m_1,83339,ADD,OK,,
m_4,478144,ADD,OK,,
m_1,83510,ADD,OK,,
m_0,514867,ADD,OK,,
m_9,491200,ADD,OK,,
m_9,496821,ADD,OK,,
m_9,141195,ADD,OK,,
m_9,356507,ADD,OK,,
m_4,53510,ADD,OK,,
m_3,281569,ADD,OK,,
m_5,248960,ADD,OK,,
m_1,467729,REMOVE,OK,,
m_0,203323,ADD,OK,,
m_3,251234,ADD,OK,,
m_3,214100,ADD,OK,,
m_2,98389,ADD,OK,,
m_1,238650,REMOVE,OK,,
m_1,357326,ADD,OK,,
m_1,576783,ADD,OK,,
m_6,324345,ADD,OK,,
m_7,488102,ADD,OK,,
m_5,189139,ADD,OK,,
m_6,388323,ADD,OK,,
m_3,358438,ADD,OK,,
m_6,317982,ADD,OK,,
m_5,598006,ADD,OK,,
m_0,248303,ADD,OK,,
m_6,161741,ADD,OK,,
m_9,542288,ADD,OK,,
m_1,484509,ADD,OK,,
m_0,518251,ADD,OK,,
m_8,343057,REMOVE,OK,,
m_8,285116,ADD,OK,,
m_7,252758,ADD,OK,,
m_7,130929,ADD,OK,,
m_1,255144,ADD,OK,,
m_9,210614,REMOVE,OK,,
m_2,109833,ADD,OK,,
m_8,577094,ADD,OK,,
m_3,499610,ADD,OK,,
m_5,195357,REMOVE,OK,,
m_8,563799,ADD,OK,,
m_9,136459,ADD,OK,,
m_6,420707,REMOVE,OK,,
m_3,184099,ADD,OK,,
m_1,52012,ADD,OK,,
m_0,477340,ADD,OK,,
m_3,430920,ADD,OK,,
m_1,374321,ADD,OK,,
m_7,498544,ADD,OK,,
m_6,523372,ADD,OK,,
m_0,21013,ADD,OK,,
m_2,416057,REMOVE,OK,,
m_0,129780,ADD,OK,,
m_3,65364,ADD,OK,,
m_7,79015,ADD,OK,,
m_2,394206,ADD,OK,,
m_1,287474,REMOVE,OK,,
m_7,533047,ADD,OK,,
m_8,538016,ADD,OK,,
m_7,94206,ADD,OK,,
m_3,222473,ADD,OK,,
m_9,393701,ADD,OK,,
m_5,63530,ADD,OK,,
m_2,59885,ADD,OK,,
m_4,451539,ADD,OK,,
m_6,238563,ADD,OK,,
m_2,262228,ADD,OK,,
m_1,77423,REMOVE,OK,,
m_4,398616,ADD,OK,,
m_6,330124,ADD,OK,,
m_6,396820,REMOVE,OK,,
m_9,248936,ADD,OK,,
m_4,170876,REMOVE,OK,,
m_6,598169,ADD,OK,,
m_7,236524,ADD,OK,,
m_6,346377,ADD,OK,,
m_2,246687,ADD,OK,,
m_1,189350,REMOVE,OK,,
m_5,35976,ADD,OK,,
m_6,475504,ADD,OK,,
m_0,477858,ADD,OK,,
m_4,275170,ADD,OK,,
m_0,364924,ADD,OK,,
m_7,239112,ADD,OK,,
m_1,182508,REMOVE,OK,,
m_2,182314,ADD,OK,,
m_6,330615,ADD,OK,,
m_5,557756,ADD,OK,,
m_9,88177,ADD,OK,,
m_5,150150,ADD,OK,,
m_2,460396,ADD,OK,,
m_6,410455,ADD,OK,,
m_5,78483,ADD,OK,,
m_8,547092,ADD,OK,,
m_7,400950,REMOVE,OK,,
m_5,445085,ADD,OK,,
m_7,319771,ADD,OK,,
m_1,541698,ADD,OK,,
m_5,598616,ADD,OK,,
m_8,571876,REMOVE,OK,,
m_5,290988,REMOVE,OK,,
m_1,243576,ADD,OK,,
m_0,400489,ADD,OK,,
m_7,45525,ADD,OK,,
m_4,9719,ADD,OK,,
m_2,392611,ADD,OK,,
m_0,265986,ADD,OK,,
m_8,222530,ADD,OK,,
m_4,520098,ADD,OK,,
m_9,372990,ADD,OK,,
m_1,119305,ADD,OK,,
m_1,293806,ADD,OK,,
m_6,415143,ADD,OK,,
m_2,219796,ADD,OK,,
m_2,595893,ADD,OK,,
m_2,451262,ADD,OK,,
m_6,20895,ADD,OK,,
m_6,396669,ADD,OK,,
m_3,411505,ADD,OK,,
m_8,364015,ADD,OK,,
m_4,65165,ADD,OK,,
m_0,304834,ADD,OK,,
m_1,306434,ADD,OK,,
m_0,538896,ADD,OK,,
m_6,299396,ADD,OK,,
m_3,78864,ADD,OK,,
m_8,460113,ADD,OK,,
m_0,41540,ADD,OK,,
m_1,213771,ADD,OK,,
m_9,396880,ADD,OK,,
m_7,568449,ADD,OK,,
m_3,419884,ADD,OK,,
m_1,229125,ADD,OK,,
m_7,13230,ADD,OK,,
m_9,326330,REMOVE,OK,,
m_5,333756,ADD,OK,,
m_0,384390,REMOVE,OK,,
m_5,578435,ADD,OK,,
m_7,235322,ADD,OK,,
m_1,165344,REMOVE,OK,,
m_3,515425,ADD,OK,,
m_9,114938,ADD,OK,,
m_7,439347,REMOVE,OK,,
m_3,322448,ADD,OK,,
m_6,168928,ADD,OK,,
m_5,85260,ADD,OK,,
m_2,242141,ADD,OK,,
m_3,514331,ADD,OK,,
m_9,365623,ADD,OK,,
m_3,37319,ADD,OK,,
m_5,437826,ADD,OK,,
m_1,590852,ADD,OK,,
m_0,105712,ADD,OK,,
m_0,161059,ADD,OK,,
m_6,588360,ADD,OK,,
m_0,567217,ADD,OK,,
m_4,2623,ADD,OK,,
m_4,980,ADD,OK,,
m_5,249010,ADD,OK,,
m_9,337179,ADD,OK,,
m_4,169580,ADD,OK,,
m_7,59314,ADD,OK,,
m_4,221831,ADD,OK,,
m_5,65331,ADD,OK,,
m_4,479178,ADD,OK,,
m_1,395568,ADD,OK,,
m_1,347646,ADD,OK,,
m_2,384613,ADD,OK,,
m_3,90422,ADD,OK,,
m_0,143544,ADD,OK,,
m_0,303491,ADD,OK,,
m_5,13558,ADD,OK,,
m_6,371616,ADD,OK,,
m_3,523077,ADD,OK,,
m_8,57887,REMOVE,OK,,
m_1,259243,ADD,OK,,
m_4,156382,ADD,OK,,
m_5,439570,ADD,OK,,
m_8,456791,ADD,OK,,
m_4,136004,ADD,OK,,
m_3,408343,ADD,OK,,
m_7,491258,ADD,OK,,
m_4,80862,ADD,OK,,
m_5,20973,ADD,OK,,
m_9,534552,ADD,OK,,
m_4,61046,ADD,OK,,
m_9,318627,ADD,OK,,
m_9,285066,ADD,OK,,
m_6,113217,ADD,OK,,
m_5,294862,ADD,OK,,
m_4,374760,ADD,OK,,
m_5,38448,ADD,OK,,
m_0,111904,REMOVE,OK,,
m_4,325117,ADD,OK,,
m_0,529029,ADD,OK,,
m_8,317036,ADD,OK,,
m_0,352964,ADD,OK,,
m_6,465639,ADD,OK,,
m_8,526695,ADD,OK,,
m_2,255991,ADD,OK,,
m_1,560319,ADD,OK,,
m_0,600267,ADD,OK,,
m_2,520745,REMOVE,OK,,
m_6,447923,ADD,OK,,
m_8,218629,ADD,OK,,
m_0,175407,ADD,OK,,
m_7,575985,ADD,OK,,
m_1,278494,REMOVE,OK,,
m_3,468432,ADD,OK,,
m_9,459483,ADD,OK,,
m_6,426434,ADD,OK,,
m_5,577263,ADD,OK,,
m_2,437834,ADD,OK,,
m_2,16955,ADD,OK,,
m_8,192938,ADD,OK,,
m_6,180147,ADD,OK,,
m_5,286805,ADD,OK,,
m_7,455296,ADD,OK,,
m_4,156757,REMOVE,OK,,
m_1,537533,ADD,OK,,
m_6,2791,ADD,OK,,
m_3,275476,ADD,OK,,
m_6,143425,ADD,OK,,
m_1,572901,ADD,OK,,
m_1,265728,ADD,OK,,
m_1,105783,ADD,OK,,
m_6,320735,ADD,OK,,
m_9,536323,ADD,OK,,
m_1,529287,ADD,OK,,
m_4,327121,ADD,OK,,
m_7,72773,ADD,OK,,
m_3,494637,ADD,OK,,
m_4,524174,ADD,OK,,
m_5,155534,ADD,OK,,
m_6,511782,ADD,OK,,
m_0,438381,REMOVE,OK,,
m_8,187264,ADD,OK,,
m_1,346794,ADD,OK,,
m_8,560169,ADD,OK,,
m_8,35894,ADD,OK,,
m_0,344073,ADD,OK,,
m_1,599448,ADD,OK,,
m_8,184287,ADD,OK,,
m_1,592530,REMOVE,OK,,
m_5,446077,ADD,OK,,
m_2,465901,ADD,OK,,
m_2,100890,ADD,OK,,
m_4,152035,ADD,OK,,
m_6,503694,ADD,OK,,
m_8,123118,ADD,OK,,
m_8,284050,ADD,OK,,
m_3,43943,ADD,OK,,
m_7,428241,REMOVE,OK,,
m_1,207990,ADD,OK,,
m_8,482375,ADD,OK,,
m_0,253637,ADD,OK,,
m_7,61350,ADD,OK,,
m_3,35534,ADD,OK,,
m_6,60884,ADD,OK,,
m_7,504496,ADD,OK,,
m_9,106365,ADD,OK,,
m_2,279923,ADD,OK,,
m_4,173555,ADD,OK,,
m_4,85499,ADD,OK,,
m_8,277973,ADD,OK,,
m_0,140042,ADD,OK,,
m_6,410544,REMOVE,OK,,
m_1,430997,ADD,OK,,
m_6,26525,ADD,OK,,
m_7,413474,REMOVE,OK,,
m_1,59796,ADD,OK,,
m_0,171476,ADD,OK,,
m_0,581429,REMOVE,OK,,
m_6,314243,ADD,OK,,
m_3,490484,ADD,OK,,
m_0,421963,ADD,OK,,
m_3,73224,ADD,OK,,
m_4,80253,ADD,OK,,
m_2,441626,ADD,OK,,
m_8,486593,ADD,OK,,
m_3,32982,ADD,OK,,
m_3,393995,ADD,OK,,
m_5,310142,ADD,OK,,
m_8,206449,REMOVE,OK,,
m_4,236963,ADD,OK,,
m_6,506728,ADD,OK,,
m_3,286582,ADD,OK,,
m_7,290018,ADD,OK,,
m_6,189783,ADD,OK,,
m_9,126670,ADD,OK,,
m_8,266653,ADD,OK,,
m_2,599746,ADD,OK,,
m_5,530267,REMOVE,OK,,
m_1,301685,REMOVE,OK,,
m_9,188596,REMOVE,OK,,
m_5,404990,ADD,OK,,
m_1,3862,ADD,OK,,
m_6,481642,ADD,OK,,
m_7,544962,ADD,OK,,
m_1,204094,ADD,OK,,
m_2,20995,ADD,OK,,
m_7,245132,ADD,OK,,
m_6,221821,ADD,OK,,
m_0,341110,ADD,OK,,
m_4,168250,ADD,OK,,
m_7,405858,ADD,OK,,
m_7,118200,ADD,OK,,
m_6,376176,ADD,OK,,
m_2,493167,REMOVE,OK,,
m_5,301901,ADD,OK,,
m_9,119910,ADD,OK,,
m_5,286140,ADD,OK,,
m_3,567265,REMOVE,OK,,
m_8,131387,ADD,OK,,
m_6,291363,ADD,OK,,
m_9,46400,REMOVE,OK,,
m_9,298328,ADD,OK,,
m_4,541116,ADD,OK,,
m_5,405939,ADD,OK,,
m_3,273877,ADD,OK,,
m_0,204557,REMOVE,OK,,
m_1,402057,ADD,OK,,
m_0,152571,ADD,OK,,
m_8,341711,ADD,OK,,
m_5,419134,ADD,OK,,
m_1,96719,ADD,OK,,
m_5,177008,ADD,OK,,
m_3,89712,ADD,OK,,
m_3,87854,ADD,OK,,
m_9,302203,ADD,OK,,
m_8,225573,ADD,OK,,
m_3,312110,ADD,OK,,
m_8,572943,ADD,OK,,
m_4,371812,ADD,OK,,
m_2,58649,ADD,OK,,
m_4,415303,ADD,OK,,
m_2,112774,REMOVE,OK,,
m_7,498622,ADD,OK,,
m_5,192381,ADD,OK,,
m_5,56755,ADD,OK,,
m_6,311753,ADD,OK,,
m_9,152215,ADD,OK,,
m_6,514372,REMOVE,OK,,
m_3,276665,ADD,OK,,
m_8,162387,REMOVE,OK,,
m_8,110486,ADD,OK,,
m_1,588475,ADD,OK,,
m_1,198573,ADD,OK,,
m_0,235415,ADD,OK,,
m_8,33110,ADD,OK,,
m_8,399740,ADD,OK,,
m_9,430201,ADD,OK,,
m_2,569977,ADD,OK,,
m_5,242722,REMOVE,OK,,
m_0,521009,ADD,OK,,
m_8,390934,ADD,OK,,
m_8,377512,REMOVE,OK,,
m_8,383439,REMOVE,OK,,
m_8,354414,ADD,OK,,
m_2,294350,REMOVE,OK,,
m_4,27827,ADD,OK,,
m_0,442918,ADD,OK,,
m_5,47689,ADD,OK,,
m_7,574962,ADD,OK,,
m_5,261810,ADD,OK,,
m_9,270827,ADD,OK,,
m_4,13935,ADD,OK,,
m_1,171133,ADD,OK,,
m_9,602119,ADD,OK,,
m_6,360825,REMOVE,OK,,
m_3,511987,ADD,OK,,
m_6,198241,ADD,OK,,
m_7,220139,ADD,OK,,
m_6,482036,ADD,OK,,
m_6,273300,ADD,OK,,
m_2,205349,REMOVE,OK,,
m_2,588209,ADD,OK,,
m_0,552839,ADD,OK,,
m_8,61190,ADD,OK,,
m_0,448317,ADD,OK,,
m_7,604658,ADD,OK,,
m_9,285769,ADD,OK,,
m_9,15690,REMOVE,OK,,
m_3,89269,ADD,OK,,
m_4,556819,ADD,OK,,
m_3,133977,ADD,OK,,
m_2,337667,ADD,OK,,
m_2,30074,ADD,OK,,
m_9,11532,ADD,OK,,
m_2,415444,ADD,OK,,
m_3,31938,ADD,OK,,
m_0,476653,ADD,OK,,
m_6,494528,ADD,OK,,
m_3,351896,ADD,OK,,
m_9,30296,REMOVE,OK,,
m_7,172068,ADD,OK,,
m_9,473636,ADD,OK,,
m_9,72183,ADD,OK,,
m_4,138868,REMOVE,OK,,
m_2,501381,ADD,OK,,
m_4,305368,ADD,OK,,
m_6,89414,ADD,OK,,
m_5,135200,REMOVE,OK,,
m_9,215220,ADD,OK,,
m_0,505343,ADD,OK,,
m_5,584995,ADD,OK,,
m_2,519652,ADD,OK,,
m_2,99255,ADD,OK,,
m_3,211062,ADD,OK,,
m_5,200582,ADD,OK,,
m_7,479443,REMOVE,OK,,
m_8,570746,ADD,OK,,
m_0,510198,ADD,OK,,
m_2,478973,ADD,OK,,
m_2,503982,ADD,OK,,
m_6,94819,ADD,OK,,
m_2,451381,ADD,OK,,
m_8,282322,ADD,OK,,
m_0,360147,ADD,OK,,
m_9,576642,ADD,OK,,
m_3,294524,ADD,OK,,
m_1,227061,ADD,OK,,
m_2,221332,ADD,OK,,
m_0,324849,ADD,OK,,
m_7,85882,ADD,OK,,
m_4,46283,ADD,OK,,
m_3,242019,REMOVE,OK,,
m_4,51534,REMOVE,OK,,
m_1,433817,REMOVE,OK,,
m_8,580727,ADD,OK,,
m_7,240666,ADD,OK,,
m_3,271023,ADD,OK,,
m_9,270743,ADD,OK,,
m_1,527182,REMOVE,OK,,
m_9,462803,ADD,OK,,
m_3,297270,ADD,OK,,
m_8,74888,REMOVE,OK,,
m_3,409953,ADD,OK,,
m_0,271276,ADD,OK,,
m_5,513611,ADD,OK,,
m_0,86119,ADD,OK,,
m_2,440469,ADD,OK,,
m_7,355081,ADD,OK,,
m_7,416110,ADD,OK,,
m_9,118879,ADD,OK,,
m_5,360744,ADD,OK,,
m_4,130417,ADD,OK,,
m_7,13049,ADD,OK,,
m_7,487187,ADD,OK,,
m_6,602381,ADD,OK,,
m_4,218504,REMOVE,OK,,
m_0,530660,ADD,OK,,
m_6,264180,REMOVE,OK,,
m_4,133389,ADD,OK,,
m_4,47329,ADD,OK,,
m_5,227135,ADD,OK,,
m_5,562946,ADD,OK,,
m_2,30626,ADD,OK,,
m_0,78049,ADD,OK,,
m_5,575967,REMOVE,OK,,
m_5,76985,ADD,OK,,
m_2,239699,ADD,OK,,
m_9,146153,REMOVE,OK,,
m_4,5354,ADD,OK,,
m_4,589531,ADD,OK,,
m_2,224279,ADD,OK,,
m_7,277178,ADD,OK,,
m_9,491480,REMOVE,OK,,
m_3,308617,ADD,OK,,
m_9,425243,ADD,OK,,
m_7,543630,ADD,OK,,
m_2,316716,ADD,OK,,
m_6,418971,ADD,OK,,
m_2,443268,ADD,OK,,
m_3,551890,ADD,OK,,
m_5,358592,ADD,OK,,
m_3,86791,ADD,OK,,
m_1,274446,ADD,OK,,
m_4,317848,ADD,OK,,
m_6,225377,ADD,OK,,
m_6,87112,ADD,OK,,
m_3,102184,ADD,OK,,
m_1,172475,ADD,OK,,
m_9,327966,ADD,OK,,
m_0,503769,ADD,OK,,
m_5,560416,ADD,OK,,
m_4,270620,REMOVE,OK,,
m_3,254265,ADD,OK,,
m_4,454039,ADD,OK,,
m_1,402166,ADD,OK,,
m_8,326943,ADD,OK,,
m_4,154435,ADD,OK,,
m_3,135166,ADD,OK,,
m_1,441057,REMOVE,OK,,
m_9,173025,ADD,OK,,
m_3,336111,REMOVE,OK,,
m_1,531313,ADD,OK,,
m_2,93339,ADD,OK,,
m_8,70311,ADD,OK,,
m_4,324423,ADD,OK,,
m_8,344637,ADD,OK,,
m_3,53843,ADD,OK,,
m_8,175697,ADD,OK,,
m_1,228938,ADD,OK,,
m_5,319600,REMOVE,OK,,
m_1,207118,ADD,OK,,
m_2,365513,ADD,OK,,
m_4,206493,ADD,OK,,
m_2,215023,ADD,OK,,
m_6,144761,ADD,OK,,
m_5,420490,ADD,OK,,
m_9,381622,ADD,OK,,
m_6,530066,ADD,OK,,
m_8,131160,ADD,OK,,
m_0,445346,ADD,OK,,
m_9,86831,ADD,OK,,
m_0,559870,ADD,OK,,
m_7,274602,ADD,OK,,
m_5,586305,ADD,OK,,
m_7,436339,ADD,OK,,
m_2,200640,ADD,OK,,
m_2,279576,REMOVE,OK,,
m_8,409797,ADD,OK,,
m_3,578286,ADD,OK,,
m_9,50570,ADD,OK,,
m_3,127652,REMOVE,OK,,
m_5,309159,ADD,OK,,
m_6,380730,ADD,OK,,
m_6,47969,ADD,OK,,
m_3,140615,REMOVE,OK,,
m_1,229549,ADD,OK,,
m_0,203474,ADD,OK,,
m_0,211944,ADD,OK,,
m_2,291309,ADD,OK,,
m_0,55918,ADD,OK,,
m_9,567742,ADD,OK,,
m_0,460221,ADD,OK,,
m_8,164543,ADD,OK,,
m_7,213121,ADD,OK,,
m_0,604777,ADD,OK,,
m_1,241353,ADD,OK,,
m_7,561952,ADD,OK,,
m_2,325583,ADD,OK,,
m_2,376236,ADD,OK,,
m_7,60597,ADD,OK,,
m_1,35765,REMOVE,OK,,
m_1,504824,ADD,OK,,
m_2,283848,ADD,OK,,
m_6,307912,ADD,OK,,
m_0,566957,ADD,OK,,
m_3,220161,ADD,OK,,
m_1,335228,ADD,OK,,
m_7,543804,ADD,OK,,
m_4,478976,REMOVE,OK,,
m_5,568708,ADD,OK,,
m_6,78476,ADD,OK,,
m_1,399659,ADD,OK,,
m_4,143735,ADD,OK,,
m_5,252542,ADD,OK,,
m_0,548842,ADD,OK,,
m_1,205329,ADD,OK,,
m_9,357325,ADD,OK,,
m_8,209731,REMOVE,OK,,
m_8,298116,ADD,OK,,
m_5,421571,ADD,OK,,
m_7,501708,ADD,OK,,
m_1,326351,ADD,OK,,
m_8,565459,ADD,OK,,
m_4,446529,ADD,OK,,
m_7,353301,ADD,OK,,
m_1,365265,ADD,OK,,
m_2,212536,ADD,OK,,
m_7,350480,ADD,OK,,
m_9,163014,ADD,OK,,
m_6,22209,ADD,OK,,
m_6,360104,REMOVE,OK,,
m_7,183294,ADD,OK,,
m_7,239722,ADD,OK,,
m_8,158177,ADD,OK,,
m_8,561958,ADD,OK,,
m_1,121175,ADD,OK,,
m_0,573472,ADD,OK,,
m_6,186360,ADD,OK,,
m_4,201140,ADD,OK,,
m_0,35496,ADD,OK,,
m_7,162071,ADD,OK,,
m_7,441963,ADD,OK,,
m_7,100875,ADD,OK,,
m_9,510316,ADD,OK,,
m_7,436958,ADD,OK,,
m_8,14164,ADD,OK,,
m_6,550564,ADD,OK,,
m_4,417399,ADD,OK,,
m_0,456284,ADD,OK,,
m_0,429406,REMOVE,OK,,
m_0,483362,ADD,OK,,
m_4,508594,ADD,OK,,
m_2,412182,ADD,OK,,
m_3,190814,ADD,OK,,
m_5,367503,ADD,OK,,
m_6,402019,ADD,OK,,
m_5,528357,ADD,OK,,
m_8,293975,REMOVE,OK,,
m_9,595766,ADD,OK,,
m_7,343159,ADD,OK,,
m_2,239554,ADD,OK,,
m_2,297984,REMOVE,OK,,
m_2,66384,REMOVE,OK,,
m_9,459344,ADD,OK,,
m_8,98619,ADD,OK,,
m_9,303120,REMOVE,OK,,
m_9,490571,ADD,OK,,
m_1,88700,ADD,OK,,
m_9,168098,ADD,OK,,
m_6,308886,ADD,OK,,
m_9,501320,ADD,OK,,
m_2,319363,ADD,OK,,
m_8,107588,REMOVE,OK,,
m_0,77750,ADD,OK,,
m_3,558240,ADD,OK,,
m_7,58633,ADD,OK,,
m_8,269285,ADD,OK,,
m_1,581931,ADD,OK,,
m_8,335231,ADD,OK,,
m_9,508507,REMOVE,OK,,
m_3,287151,ADD,OK,,
m_6,447606,ADD,OK,,
m_9,510331,ADD,OK,,
m_3,247428,ADD,OK,,
m_0,218511,ADD,OK,,
m_1,331139,ADD,OK,,
m_0,55477,ADD,OK,,
m_9,267719,ADD,OK,,
m_7,13666,REMOVE,OK,,
m_3,377695,ADD,OK,,
m_8,282266,ADD,OK,,
m_5,147804,ADD,OK,,
m_4,33078,ADD,OK,,
m_2,106713,ADD,OK,,
m_0,105687,ADD,OK,,
m_4,260459,ADD,OK,,
m_9,8945,REMOVE,OK,,
m_5,9127,ADD,OK,,
m_7,135615,ADD,OK,,
m_8,546069,ADD,OK,,
m_4,274194,ADD,OK,,
m_9,335381,ADD,OK,,
m_5,108739,ADD,OK,,
m_0,590130,ADD,OK,,
m_6,242610,ADD,OK,,
m_3,133745,ADD,OK,,
m_2,136924,ADD,OK,,
m_0,335811,ADD,OK,,
m_2,241658,ADD,OK,,
m_0,88644,ADD,OK,,
m_9,180746,ADD,OK,,
m_9,406294,ADD,OK,,
m_0,359997,ADD,OK,,
m_8,196863,ADD,OK,,
m_3,498620,ADD,OK,,
m_0,563485,REMOVE,OK,,
m_1,368142,ADD,OK,,
m_1,525574,ADD,OK,,
m_0,553414,REMOVE,OK,,
m_7,421500,REMOVE,OK,,
m_1,469626,ADD,OK,,
m_2,558603,ADD,OK,,
m_9,350218,ADD,OK,,
m_8,211021,ADD,OK,,
m_9,229759,ADD,OK,,
m_2,220284,ADD,OK,,
m_0,361361,ADD,OK,,
m_2,43544,ADD,OK,,
m_8,264519,ADD,OK,,
m_7,239749,ADD,OK,,
m_5,468609,ADD,OK,,
m_4,17861,ADD,OK,,
m_8,583133,ADD,OK,,
m_5,264751,ADD,OK,,
m_5,12459,ADD,OK,,
m_4,526927,ADD,OK,,
m_8,363274,ADD,OK,,
m_5,586147,ADD,OK,,
m_4,579445,ADD,OK,,
m_9,335906,ADD,OK,,
m_0,185094,REMOVE,OK,,
m_1,121642,ADD,OK,,
m_8,595704,ADD,OK,,
m_8,365978,ADD,OK,,
m_3,505866,ADD,OK,,
m_1,64161,ADD,OK,,
m_6,60507,ADD,OK,,
m_9,555571,ADD,OK,,
m_4,508840,ADD,OK,,
m_4,423414,ADD,OK,,
m_8,428747,REMOVE,OK,,
m_6,595719,ADD,OK,,
m_8,140878,ADD,OK,,
m_4,318886,ADD,OK,,
m_9,425430,ADD,OK,,
m_1,480759,ADD,OK,,
m_7,55862,ADD,OK,,
m_4,441565,ADD,OK,,
m_8,417071,ADD,OK,,
m_9,331075,ADD,OK,,
m_1,343044,REMOVE,OK,,
m_3,519665,ADD,OK,,
m_5,474543,ADD,OK,,
m_6,382725,ADD,OK,,
m_3,98732,ADD,OK,,
m_5,312303,ADD,OK,,
m_8,109673,ADD,OK,,
m_6,77330,ADD,OK,,
m_9,431027,ADD,OK,,
m_6,175558,ADD,OK,,
m_4,524821,REMOVE,OK,,
m_7,124408,ADD,OK,,
m_4,296979,ADD,OK,,
m_8,483781,REMOVE,OK,,
m_3,551196,REMOVE,OK,,
m_7,526889,ADD,OK,,
m_0,532748,ADD,OK,,
m_6,375377,ADD,OK,,
m_4,67813,ADD,OK,,
m_5,276555,ADD,OK,,
m_3,313457,ADD,OK,,
m_3,274858,ADD,OK,,
m_8,460527,ADD,OK,,
m_6,298021,ADD,OK,,
m_8,312025,ADD,OK,,
m_9,166888,ADD,OK,,
m_9,235073,ADD,OK,,
m_5,529249,REMOVE,OK,,
m_5,528080,ADD,OK,,
m_5,3782,ADD,OK,,
m_8,542661,ADD,OK,,
m_7,400191,ADD,OK,,
m_9,262634,ADD,OK,,
m_2,509288,ADD,OK,,
m_6,401183,ADD,OK,,
m_5,266027,ADD,OK,,
m_5,575431,ADD,OK,,
m_7,564683,ADD,OK,,
m_3,587769,ADD,OK,,
m_1,501475,ADD,OK,,
m_3,45030,ADD,OK,,
m_0,177729,ADD,OK,,
m_2,448286,ADD,OK,,
m_7,539701,REMOVE,OK,,
m_9,571038,ADD,OK,,
m_1,346840,ADD,OK,,
m_7,102442,ADD,OK,,
m_4,155442,ADD,OK,,
m_7,264396,ADD,OK,,
m_2,54669,ADD,OK,,
m_5,180173,ADD,OK,,
m_6,469595,ADD,OK,,
m_2,199203,ADD,OK,,
m_0,603361,REMOVE,OK,,
m_7,247862,ADD,OK,,
m_7,112293,ADD,OK,,
m_3,234018,REMOVE,OK,,
m_5,225788,ADD,OK,,
m_4,245152,ADD,OK,,
m_5,338746,ADD,OK,,
m_4,551837,ADD,OK,,
m_7,131325,ADD,OK,,
m_5,400297,ADD,OK,,
m_5,577547,ADD,OK,,
m_6,201397,ADD,OK,,
m_7,468514,ADD,OK,,
m_1,348848,ADD,OK,,
m_4,220080,REMOVE,OK,,
m_3,35758,ADD,OK,,
m_7,127601,ADD,OK,,
m_6,313555,ADD,OK,,
m_0,97172,ADD,OK,,
m_6,314254,ADD,OK,,
m_3,20776,ADD,OK,,
m_0,585303,ADD,OK,,
m_2,555159,ADD,OK,,
m_4,364999,ADD,OK,,
m_2,376023,ADD,OK,,
m_9,184445,ADD,OK,,
m_5,168481,ADD,OK,,
m_4,577381,ADD,OK,,
m_1,160038,ADD,OK,,
m_6,26803,ADD,OK,,
m_0,514626,REMOVE,OK,,
m_3,329393,ADD,OK,,
m_6,284958,REMOVE,OK,,
m_1,590608,ADD,OK,,
m_6,553336,ADD,OK,,
m_9,342603,ADD,OK,,
m_1,295319,ADD,OK,,
m_6,409945,ADD,OK,,
m_6,398858,ADD,OK,,
m_2,578960,ADD,OK,,
m_0,127542,ADD,OK,,
m_9,564795,ADD,OK,,
m_1,307408,REMOVE,OK,,
m_7,183828,ADD,OK,,
m_4,244101,ADD,OK,,
m_9,16851,ADD,OK,,
m_5,503067,ADD,OK,,
m_6,434599,ADD,OK,,
m_2,554806,ADD,OK,,
m_4,386706,ADD,OK,,
m_2,99987,ADD,OK,,
m_6,113814,REMOVE,OK,,
m_6,523953,ADD,OK,,
m_8,265815,ADD,OK,,
m_3,402460,ADD,OK,,
m_8,215618,REMOVE,OK,,
m_6,277759,ADD,OK,,
m_5,600635,ADD,OK,,
m_8,401410,ADD,OK,,
m_2,492171,ADD,OK,,
m_7,369228,ADD,OK,,
m_8,533383,ADD,OK,,
m_2,594357,ADD,OK,,
m_7,347021,ADD,OK,,
m_1,248366,ADD,OK,,
m_8,88659,ADD,OK,,
m_0,555175,ADD,OK,,
m_2,106679,ADD,OK,,
m_1,96058,REMOVE,OK,,
m_8,72065,ADD,OK,,
m_1,256116,ADD,OK,,
m_9,588751,ADD,OK,,
m_6,379054,ADD,OK,,
m_8,123257,ADD,OK,,
m_9,361277,ADD,OK,,
m_6,503708,ADD,OK,,
m_7,319419,ADD,OK,,
m_6,97485,ADD,OK,,
m_8,249839,ADD,OK,,
m_8,269696,ADD,OK,,
m_7,53030,REMOVE,OK,,
m_8,25001,ADD,OK,,
m_5,166113,ADD,OK,,
m_9,233071,ADD,OK,,
m_5,483553,ADD,OK,,
m_2,546165,ADD,OK,,
m_8,433820,ADD,OK,,
m_0,516860,ADD,OK,,
m_6,442979,ADD,OK,,
m_6,523011,ADD,OK,,
m_7,604797,ADD,OK,,
m_8,177205,ADD,OK,,
m_9,530596,ADD,OK,,
m_9,531572,ADD,OK,,
m_9,535447,ADD,OK,,
m_1,249506,ADD,OK,,
m_7,378648,ADD,OK,,
m_5,562930,ADD,OK,,
m_7,424103,ADD,OK,,
m_1,328468,ADD,OK,,
m_7,518556,ADD,OK,,
m_8,79681,ADD,OK,,
m_3,437828,ADD,OK,,
m_7,161279,ADD,OK,,
m_8,165723,ADD,OK,,
m_2,130934,ADD,OK,,
m_3,197609,ADD,OK,,
m_9,229930,ADD,OK,,
m_8,128396,ADD,OK,,
m_7,26729,ADD,OK,,
m_1,313995,ADD,OK,,
m_3,582370,ADD,OK,,
m_0,405724,ADD,OK,,
m_2,60338,ADD,OK,,
m_8,295561,ADD,OK,,
m_3,39177,ADD,OK,,
m_2,386594,REMOVE,OK,,
m_1,455931,ADD,OK,,
m_7,191168,ADD,OK,,
m_1,197875,ADD,OK,,
m_6,283751,ADD,OK,,
m_6,469736,ADD,OK,,
m_6,95729,ADD,OK,,
m_6,73371,ADD,OK,,
m_0,353858,ADD,OK,,
m_7,91209,ADD,OK,,
m_1,270801,ADD,OK,,
m_7,179822,ADD,OK,,
m_6,109512,ADD,OK,,
m_6,245781,ADD,OK,,
m_9,265299,ADD,OK,,
m_3,601973,ADD,OK,,
m_9,321777,ADD,OK,,
m_5,472191,REMOVE,OK,,
m_4,496123,ADD,OK,,
m_5,57356,ADD,OK,,
m_2,500759,ADD,OK,,
m_5,307625,ADD,OK,,
m_2,168474,ADD,OK,,
m_9,163771,ADD,OK,,
m_3,569577,REMOVE,OK,,
m_6,254474,ADD,OK,,
m_4,73752,ADD,OK,,
m_0,23449,ADD,OK,,
m_8,520084,REMOVE,OK,,
m_1,353758,REMOVE,OK,,
m_7,128058,ADD,OK,,
m_9,472428,ADD,OK,,
m_1,449844,ADD,OK,,
m_4,5530,REMOVE,OK,,
m_4,132344,ADD,OK,,
m_7,355817,ADD,OK,,
m_4,216084,ADD,OK,,
m_5,236023,ADD,OK,,
m_5,206282,ADD,OK,,
m_8,188820,ADD,OK,,
m_6,468163,ADD,OK,,
m_9,281976,ADD,OK,,
m_6,539803,ADD,OK,,
m_0,142527,REMOVE,OK,,
m_4,166862,ADD,OK,,
m_2,75232,ADD,OK,,
m_5,464110,ADD,OK,,
m_6,42131,ADD,OK,,
m_3,237993,ADD,OK,,
m_1,78885,ADD,OK,,
m_1,465809,ADD,OK,,
m_2,308988,ADD,OK,,
m_3,415819,REMOVE,OK,,
m_7,249135,ADD,OK,,
m_1,525700,ADD,OK,,
m_5,129476,ADD,OK,,
m_7,342416,ADD,OK,,
m_9,244804,ADD,OK,,
m_6,207492,ADD,OK,,
m_2,490829,ADD,OK,,
m_0,387405,ADD,OK,,
m_8,107421,ADD,OK,,
m_2,555768,REMOVE,OK,,
m_9,436544,REMOVE,OK,,
m_0,128919,ADD,OK,,
m_1,351745,ADD,OK,,
m_2,506754,ADD,OK,,
m_9,426138,REMOVE,OK,,
m_6,190702,ADD,OK,,
m_8,256390,ADD,OK,,
m_8,560359,ADD,OK,,
m_5,276101,ADD,OK,,
m_4,247189,REMOVE,OK,,
m_9,256540,REMOVE,OK,,
m_5,373933,ADD,OK,,
m_0,318766,ADD,OK,,
m_6,566452,ADD,OK,,
m_2,178218,ADD,OK,,
m_2,67771,REMOVE,OK,,
m_0,239454,ADD,OK,,
m_2,68502,ADD,OK,,
m_2,442239,ADD,OK,,
m_1,249091,ADD,OK,,
m_8,98148,ADD,OK,,
m_2,120499,ADD,OK,,
m_5,63860,ADD,OK,,
m_9,202258,ADD,OK,,
m_2,243212,ADD,OK,,
m_5,546546,ADD,OK,,
m_5,62665,ADD,OK,,
m_0,464017,ADD,OK,,
m_4,136268,ADD,OK,,
m_8,350556,ADD,OK,,
m_2,265823,ADD,OK,,
m_0,139278,ADD,OK,,
m_2,273703,ADD,OK,,
m_9,535214,ADD,OK,,
m_9,125812,ADD,OK,,
m_5,515056,ADD,OK,,
m_4,330459,ADD,OK,,
m_8,272788,ADD,OK,,
m_2,388540,ADD,OK,,
m_0,126882,ADD,OK,,
m_4,110474,ADD,OK,,
m_3,518007,ADD,OK,,
m_7,277536,ADD,OK,,
m_9,338265,ADD,OK,,
m_2,192109,REMOVE,OK,,
m_0,356323,ADD,OK,,
m_6,213443,ADD,OK,,
m_5,428061,ADD,OK,,
m_7,26623,ADD,OK,,
m_6,601188,ADD,OK,,
m_6,419214,ADD,OK,,
m_3,529972,ADD,OK,,
m_3,97222,ADD,OK,,
m_8,57652,ADD,OK,,
m_6,483144,ADD,OK,,
m_6,27299,ADD,OK,,
m_6,552856,REMOVE,OK,,
m_1,541407,ADD,OK,,
m_9,79574,ADD,OK,,
m_2,224629,ADD,OK,,
m_5,562953,REMOVE,OK,,
m_5,143747,ADD,OK,,
m_8,568601,ADD,OK,,
m_7,436282,ADD,OK,,
m_6,289112,ADD,OK,,
m_6,394046,ADD,OK,,
m_1,453044,ADD,OK,,
m_7,250325,ADD,OK,,
m_2,207823,ADD,OK,,
m_9,172200,ADD,OK,,
m_1,272351,ADD,OK,,
m_2,584138,ADD,OK,,
m_9,136701,ADD,OK,,
m_8,347459,ADD,OK,,
m_0,4108,ADD,OK,,
m_3,472120,ADD,OK,,
m_3,416943,ADD,OK,,
m_4,597245,ADD,OK,,
m_7,464916,ADD,OK,,
m_3,370065,REMOVE,OK,,
m_3,506348,ADD,OK,,
m_3,453934,ADD,OK,,
m_0,473766,ADD,OK,,
m_9,328412,ADD,OK,,
m_5,62432,ADD,OK,,
m_7,584043,ADD,OK,,
m_2,109937,ADD,OK,,
m_1,551540,ADD,OK,,
m_8,134972,ADD,OK,,
m_8,46963,ADD,OK,,
m_8,349127,ADD,OK,,
m_5,176160,ADD,OK,,
m_1,120726,ADD,OK,,
m_0,458967,ADD,OK,,
m_6,29154,ADD,OK,,
m_9,459476,ADD,OK,,
m_5,371166,ADD,OK,,
m_7,212186,ADD,OK,,
m_8,376806,ADD,OK,,
m_6,285052,ADD,OK,,
m_7,323360,ADD,OK,,
m_9,278274,REMOVE,OK,,
m_3,376023,ADD,OK,,
m_7,353318,REMOVE,OK,,
m_6,108123,REMOVE,OK,,
m_7,283466,ADD,OK,,
m_9,565454,ADD,OK,,
m_8,366663,ADD,OK,,
m_8,38602,ADD,OK,,
m_2,118098,ADD,OK,,
m_8,20702,ADD,OK,,
m_2,566011,ADD,OK,,
m_9,143445,ADD,OK,,
m_7,205225,ADD,OK,,
m_2,387217,ADD,OK,,
m_1,324743,ADD,OK,,
m_1,496629,ADD,OK,,
m_7,205625,REMOVE,OK,,
m_6,503729,ADD,OK,,
m_1,292174,ADD,OK,,
m_9,220698,ADD,OK,,
m_7,128595,ADD,OK,,
m_8,542371,ADD,OK,,
m_7,269549,ADD,OK,,
m_6,177568,ADD,OK,,
m_5,583525,ADD,OK,,
m_4,560007,ADD,OK,,
m_9,386365,ADD,OK,,
m_7,9878,ADD,OK,,
m_6,553332,ADD,OK,,
m_3,45361,ADD,OK,,
m_9,166150,ADD,OK,,
m_2,234610,ADD,OK,,
m_7,115048,ADD,OK,,
m_0,250630,ADD,OK,,
m_7,597636,ADD,OK,,
m_9,166558,REMOVE,OK,,
m_8,174042,ADD,OK,,
m_8,462242,ADD,OK,,
m_1,438602,REMOVE,OK,,
m_5,21780,REMOVE,OK,,
m_1,252377,ADD,OK,,
m_4,561273,ADD,OK,,
m_4,428196,ADD,OK,,
m_7,342108,ADD,OK,,
m_4,18436,ADD,OK,,
m_1,259921,ADD,OK,,
m_0,458542,ADD,OK,,
m_1,295608,ADD,OK,,
m_0,225814,ADD,OK,,
m_9,463422,ADD,OK,,
m_7,112394,ADD,OK,,
m_4,101707,ADD,OK,,
m_9,115478,ADD,OK,,
m_2,389463,ADD,OK,,
m_5,365504,ADD,OK,,
m_1,49235,ADD,OK,,
m_8,246438,ADD,OK,,
m_1,164057,ADD,OK,,
m_8,123416,REMOVE,OK,,
m_8,511551,ADD,OK,,
m_8,158403,ADD,OK,,
m_5,378370,ADD,OK,,
m_5,370759,ADD,OK,,
m_4,264173,ADD,OK,,
m_3,227064,ADD,OK,,
m_0,478752,ADD,OK,,
m_1,5917,ADD,OK,,
m_1,412454,ADD,OK,,
m_5,512286,ADD,OK,,
m_4,544183,ADD,OK,,
m_6,321661,ADD,OK,,
m_3,28835,ADD,OK,,
m_4,437813,ADD,OK,,
m_2,293455,ADD,OK,,
m_7,284940,ADD,OK,,
m_0,433919,REMOVE,OK,,
m_8,56839,ADD,OK,,
m_2,334173,ADD,OK,,
m_3,351541,REMOVE,OK,,
m_6,256602,REMOVE,OK,,
m_2,31678,ADD,OK,,
m_8,552662,ADD,OK,,
m_3,300202,REMOVE,OK,,
m_3,169713,ADD,OK,,
m_3,295435,ADD,OK,,
m_5,148904,REMOVE,OK,,
m_8,350608,ADD,OK,,
m_6,305898,ADD,OK,,
m_4,56981,ADD,OK,,
m_8,4521,ADD,OK,,
m_1,172087,ADD,OK,,
m_0,284281,ADD,OK,,
m_4,450904,REMOVE,OK,,
m_4,155384,ADD,OK,,
m_1,576651,ADD,OK,,
m_9,202539,ADD,OK,,
m_4,433563,ADD,OK,,
m_1,599001,ADD,OK,,
m_6,246927,ADD,OK,,
m_6,494521,ADD,OK,,
m_7,222659,ADD,OK,,
m_3,580203,ADD,OK,,
m_0,214683,REMOVE,OK,,
m_5,118359,ADD,OK,,
m_2,473120,ADD,OK,,
m_5,463496,ADD,OK,,
m_6,407269,ADD,OK,,
m_5,346852,ADD,OK,,
m_9,284465,ADD,OK,,
m_9,90827,ADD,OK,,
m_4,397939,ADD,OK,,
m_6,39985,ADD,OK,,
m_9,118091,ADD,OK,,
m_1,258527,ADD,OK,,
m_3,201301,REMOVE,OK,,
m_5,349901,ADD,OK,,
m_6,553589,ADD,OK,,
m_8,424730,ADD,OK,,
m_1,468397,ADD,OK,,
m_7,559647,ADD,OK,,
m_5,452837,ADD,OK,,
m_7,112382,ADD,OK,,
m_5,390440,ADD,OK,,
m_6,368698,ADD,OK,,
m_1,221120,ADD,OK,,
m_4,220331,ADD,OK,,
m_1,586139,REMOVE,OK,,
m_6,388933,ADD,OK,,
m_7,287769,REMOVE,OK,,
m_8,89998,ADD,OK,,
m_1,275707,ADD,OK,,
m_9,539743,ADD,OK,,
m_9,530270,ADD,OK,,
m_2,460178,ADD,OK,,
m_2,229926,ADD,OK,,
m_1,258693,ADD,OK,,
m_9,235099,ADD,OK,,
m_4,284717,ADD,OK,,
m_3,116388,ADD,OK,,
m_0,441772,ADD,OK,,
m_8,238343,REMOVE,OK,,
m_8,173902,ADD,OK,,
m_9,550151,ADD,OK,,
m_9,227995,ADD,OK,,
m_7,208519,ADD,OK,,
m_6,80407,ADD,OK,,
m_1,370078,ADD,OK,,
m_9,409235,ADD,OK,,
m_4,340960,ADD,OK,,
m_4,479722,ADD,OK,,
m_1,235458,ADD,OK,,
m_5,23844,ADD,OK,,
m_2,31768,ADD,OK,,
m_3,600936,ADD,OK,,
m_9,459479,ADD,OK,,
m_1,346761,ADD,OK,,
m_7,520994,ADD,OK,,
m_2,23487,ADD,OK,,
m_7,172045,ADD,OK,,
m_6,491597,ADD,OK,,
m_5,145903,ADD,OK,,
m_6,505164,ADD,OK,,
m_0,552533,ADD,OK,,
m_7,47163,ADD,OK,,
m_1,348411,ADD,OK,,
m_6,77424,ADD,OK,,
m_8,504551,REMOVE,OK,,
m_6,50840,ADD,OK,,
m_3,480220,ADD,OK,,
m_5,289058,REMOVE,OK,,
m_3,78149,ADD,OK,,
m_8,145839,ADD,OK,,
m_5,504085,ADD,OK,,
m_9,154374,ADD,OK,,
m_8,402344,ADD,OK,,
m_0,385094,ADD,OK,,
m_8,142362,ADD,OK,,
m_4,404720,ADD,OK,,
m_5,497202,ADD,OK,,
m_0,219600,ADD,OK,,
m_2,565245,ADD,OK,,
m_1,286508,ADD,OK,,
m_8,597262,ADD,OK,,
m_1,99394,ADD,OK,,
m_4,477138,ADD,OK,,
m_4,596859,ADD,OK,,
m_7,17076,ADD,OK,,
m_1,146585,ADD,OK,,
m_2,388472,ADD,OK,,
m_5,180768,ADD,OK,,
m_0,487923,ADD,OK,,
m_8,519649,ADD,OK,,
m_9,461621,ADD,OK,,
m_4,395800,ADD,OK,,
m_9,413527,ADD,OK,,
m_5,29676,ADD,OK,,
m_6,88070,ADD,OK,,
m_2,222069,ADD,OK,,
m_2,476215,ADD,OK,,
m_5,587342,ADD,OK,,
m_3,19119,ADD,OK,,
m_5,510123,ADD,OK,,
m_8,335989,ADD,OK,,
m_2,221237,ADD,OK,,
m_9,240423,ADD,OK,,
m_8,206548,ADD,OK,,
m_8,419806,ADD,OK,,
m_7,184897,ADD,OK,,
m_4,79654,ADD,OK,,
m_9,40410,ADD,OK,,
m_9,274940,ADD,OK,,
m_4,10328,REMOVE,OK,,
m_2,44300,ADD,OK,,
m_5,208655,ADD,OK,,
m_4,584651,ADD,OK,,
m_7,518595,ADD,OK,,
m_4,261490,ADD,OK,,
m_4,381882,ADD,OK,,
m_7,270227,ADD,OK,,
m_3,306329,ADD,OK,,
m_3,397410,ADD,OK,,
m_1,222279,REMOVE,OK,,
m_3,237126,ADD,OK,,
m_8,145899,ADD,OK,,
m_3,562355,ADD,OK,,
m_3,344168,ADD,OK,,
m_2,263481,ADD,OK,,
m_6,98678,ADD,OK,,
m_0,485824,ADD,OK,,
m_2,561358,ADD,OK,,
m_4,489221,REMOVE,OK,,
m_9,347743,ADD,OK,,
m_4,87093,ADD,OK,,
m_0,596988,ADD,OK,,
m_1,262228,ADD,OK,,
m_3,244144,ADD,OK,,
m_0,214694,ADD,OK,,
m_2,31165,ADD,OK,,
m_1,560476,REMOVE,OK,,
m_7,108628,ADD,OK,,
m_7,441455,ADD,OK,,
m_9,126209,ADD,OK,,
m_6,480852,ADD,OK,,
m_0,491256,ADD,OK,,
m_1,260034,ADD,OK,,
m_2,179424,REMOVE,OK,,
m_3,102148,ADD,OK,,
m_5,465098,ADD,OK,,
m_0,503565,ADD,OK,,
m_5,305595,ADD,OK,,
m_1,568289,ADD,OK,,
m_6,87129,ADD,OK,,
m_4,532718,ADD,OK,,
m_3,15879,ADD,OK,,
m_0,287817,ADD,OK,,
m_2,318834,REMOVE,OK,,
m_8,506057,ADD,OK,,
m_7,3951,ADD,OK,,
m_0,78944,ADD,OK,,
m_7,159821,ADD,OK,,
m_9,55666,ADD,OK,,
m_5,391983,ADD,OK,,
m_1,417122,REMOVE,OK,,
m_4,261318,ADD,OK,,
m_1,329614,ADD,OK,,
m_6,540714,ADD,OK,,
m_1,339135,ADD,OK,,
m_0,298526,REMOVE,OK,,
m_2,193200,ADD,OK,,
m_9,408729,ADD,OK,,
m_9,206933,REMOVE,OK,,
m_6,258324,ADD,OK,,
m_8,560737,ADD,OK,,
m_2,260134,REMOVE,OK,,
m_5,177184,REMOVE,OK,,
m_5,591715,ADD,OK,,
m_5,327529,ADD,OK,,
m_9,310778,ADD,OK,,
m_8,147900,REMOVE,OK,,
m_6,236560,ADD,OK,,
m_0,174085,ADD,OK,,
m_4,333267,ADD,OK,,
m_8,140668,ADD,OK,,
m_3,431687,ADD,OK,,
m_9,560916,ADD,OK,,
m_5,587309,ADD,OK,,
m_3,270165,ADD,OK,,
m_2,265137,ADD,OK,,
m_5,466140,ADD,OK,,
m_3,382816,ADD,OK,,
m_9,447963,ADD,OK,,
m_9,574337,ADD,OK,,
m_1,29865,ADD,OK,,
m_1,265289,ADD,OK,,
m_7,122416,ADD,OK,,
m_4,39880,ADD,OK,,
m_9,214141,ADD,OK,,
m_9,235362,ADD,OK,,
m_6,54529,ADD,OK,,
m_6,190018,ADD,OK,,
m_9,202942,ADD,OK,,
m_8,436968,ADD,OK,,
m_5,272406,ADD,OK,,
m_1,425306,ADD,OK,,
m_3,344687,ADD,OK,,
m_6,270440,ADD,OK,,
m_9,570926,ADD,OK,,
m_1,587247,ADD,OK,,
m_0,202094,ADD,OK,,
m_9,514953,REMOVE,OK,,
m_8,78013,ADD,OK,,
m_3,20788,ADD,OK,,
m_4,532041,ADD,OK,,
m_7,230502,ADD,OK,,
m_9,427438,ADD,OK,,
m_3,218627,ADD,OK,,
m_5,84640,ADD,OK,,
m_0,129267,ADD,OK,,
m_6,35013,ADD,OK,,
m_3,238754,ADD,OK,,
m_9,256494,ADD,OK,,
m_5,289947,ADD,OK,,
m_8,128946,ADD,OK,,
m_8,124598,ADD,OK,,
m_5,37326,ADD,OK,,
m_1,395996,REMOVE,OK,,
m_6,235900,ADD,OK,,
m_3,2200,ADD,OK,,
m_9,358634,ADD,OK,,
m_2,572013,ADD,OK,,
m_7,540741,ADD,OK,,
m_0,376422,ADD,OK,,
m_5,407970,ADD,OK,,
m_2,466440,ADD,OK,,
m_2,58688,ADD,OK,,
m_7,28028,ADD,OK,,
m_6,321906,ADD,OK,,
m_4,567890,ADD,OK,,
m_0,262935,ADD,OK,,
m_4,375442,ADD,OK,,
m_7,292947,ADD,OK,,
m_1,486429,ADD,OK,,
m_0,597571,REMOVE,OK,,
m_6,576039,ADD,OK,,
m_6,34829,ADD,OK,,
m_7,409439,ADD,OK,,
m_5,385682,ADD,OK,,
m_5,595949,ADD,OK,,
m_2,329354,ADD,OK,,
m_1,243659,ADD,OK,,
m_5,361926,ADD,OK,,
m_9,563980,ADD,OK,,
m_6,176349,ADD,OK,,
m_7,282758,ADD,OK,,
m_0,378601,ADD,OK,,
m_6,509793,ADD,OK,,
m_7,127476,ADD,OK,,
m_9,167292,ADD,OK,,
m_9,409050,ADD,OK,,
m_1,251816,ADD,OK,,
m_5,152499,ADD,OK,,
m_0,446690,ADD,OK,,
m_5,517511,ADD,OK,,
m_8,376338,ADD,OK,,
m_4,160623,ADD,OK,,
m_3,226719,ADD,OK,,
m_3,91037,ADD,OK,,
m_7,527301,ADD,OK,,
m_0,420745,ADD,OK,,
m_4,582266,ADD,OK,,
m_6,268657,ADD,OK,,
m_1,54195,REMOVE,OK,,
m_3,146944,REMOVE,OK,,
m_7,133262,ADD,OK,,
m_3,276419,ADD,OK,,
m_2,316507,ADD,OK,,
m_2,64005,ADD,OK,,
m_3,95946,REMOVE,OK,,
m_6,507369,ADD,OK,,
m_0,207208,ADD,OK,,
m_9,167444,ADD,OK,,
m_8,259685,ADD,OK,,
m_9,367585,ADD,OK,,
m_3,498996,ADD,OK,,
m_1,268093,ADD,OK,,
m_2,22305,ADD,OK,,
m_4,491877,ADD,OK,,
m_2,80349,ADD,OK,,
m_3,404772,ADD,OK,,
m_6,196037,ADD,OK,,
m_5,133870,ADD,OK,,
m_1,312004,ADD,OK,,
m_6,201356,ADD,OK,,
m_5,341063,ADD,OK,,
m_1,469012,ADD,OK,,
m_1,384243,REMOVE,OK,,
m_0,443496,REMOVE,OK,,
m_4,591041,REMOVE,OK,,
m_9,344407,ADD,OK,,
m_2,288268,ADD,OK,,
m_9,175329,ADD,OK,,
m_8,421808,ADD,OK,,
m_9,590568,ADD,OK,,
m_6,408691,ADD,OK,,
m_8,552669,ADD,OK,,
m_4,477546,REMOVE,OK,,
m_7,27014,ADD,OK,,
m_6,549900,REMOVE,OK,,
m_7,527418,ADD,OK,,
m_8,168977,ADD,OK,,
m_5,401397,ADD,OK,,
m_4,214689,ADD,OK,,
m_0,510468,ADD,OK,,
m_3,62399,ADD,OK,,
m_1,550760,ADD,OK,,
m_2,592668,ADD,OK,,
m_5,181036,ADD,OK,,
m_0,498402,ADD,OK,,
m_0,461291,ADD,OK,,
m_6,527828,ADD,OK,,
m_6,372134,ADD,OK,,
m_0,107377,ADD,OK,,
m_5,121673,ADD,OK,,
m_4,72090,ADD,OK,,
m_7,473319,ADD,OK,,
m_0,269665,ADD,OK,,
m_2,575689,ADD,OK,,
m_9,57242,ADD,OK,,
m_7,362175,ADD,OK,,
m_8,383857,REMOVE,OK,,
m_5,552289,REMOVE,OK,,
m_5,117452,REMOVE,OK,,
m_9,363394,ADD,OK,,
m_5,479057,ADD,OK,,
m_3,321946,ADD,OK,,
m_7,112946,ADD,OK,,
m_6,300327,ADD,OK,,
m_9,365425,ADD,OK,,
m_8,558711,ADD,OK,,
m_4,362841,ADD,OK,,
m_3,85361,ADD,OK,,
m_6,199965,ADD,OK,,
m_7,159628,ADD,OK,,
m_3,153035,ADD,OK,,
m_4,310791,ADD,OK,,
m_7,25502,ADD,OK,,
m_9,494670,ADD,OK,,
m_1,65462,ADD,OK,,
m_6,99824,REMOVE,OK,,
m_4,183739,ADD,OK,,
m_8,114136,ADD,OK,,
m_0,276000,REMOVE,OK,,
m_5,206427,ADD,OK,,
m_3,216995,ADD,OK,,
m_9,94914,ADD,OK,,
m_6,555043,ADD,OK,,
m_8,419856,ADD,OK,,
m_9,209067,ADD,OK,,
m_0,209384,REMOVE,OK,,
m_1,38431,ADD,OK,,
m_6,569824,ADD,OK,,
m_2,126690,ADD,OK,,
m_2,308955,ADD,OK,,
m_0,524854,ADD,OK,,
m_2,181721,ADD,OK,,
m_7,549731,ADD,OK,,
m_2,569519,ADD,OK,,
m_4,276448,ADD,OK,,
m_3,587981,REMOVE,OK,,
m_5,117460,ADD,OK,,
m_8,181965,ADD,OK,,
m_8,531832,ADD,OK,,
m_6,143579,REMOVE,OK,,
m_2,367282,ADD,OK,,
m_2,471464,ADD,OK,,
m_9,108212,ADD,OK,,
m_3,46250,ADD,OK,,
m_7,79078,ADD,OK,,
m_7,472116,ADD,OK,,
m_4,461558,ADD,OK,,
m_3,382006,ADD,OK,,
m_2,59713,ADD,OK,,
m_5,255966,ADD,OK,,
m_8,464318,ADD,OK,,
m_1,6304,ADD,OK,,
m_6,12435,ADD,OK,,
m_3,479191,ADD,OK,,
m_4,65546,ADD,OK,,
m_0,118400,ADD,OK,,
m_1,2302,ADD,OK,,
m_5,531953,ADD,OK,,
m_9,431679,ADD,OK,,
m_0,550460,ADD,OK,,
m_3,3638,ADD,OK,,
m_4,316412,ADD,OK,,
m_3,513932,ADD,OK,,
m_7,445725,ADD,OK,,
m_8,294657,ADD,OK,,
m_0,574969,REMOVE,OK,,
m_0,509552,ADD,OK,,
m_5,368841,ADD,OK,,
m_7,544174,ADD,OK,,
m_6,66931,ADD,OK,,
m_9,15385,ADD,OK,,
m_9,559904,ADD,OK,,
m_1,512259,ADD,OK,,
m_4,560130,ADD,OK,,
m_2,374210,ADD,OK,,
m_9,571883,REMOVE,OK,,
m_2,394671,ADD,OK,,
m_5,447631,ADD,OK,,
m_2,249463,ADD,OK,,
m_2,199558,ADD,OK,,
m_2,250187,ADD,OK,,
m_0,277423,ADD,OK,,
m_5,473602,ADD,OK,,
m_2,198723,ADD,OK,,
m_1,328482,ADD,OK,,
m_2,194404,ADD,OK,,
m_2,395604,REMOVE,OK,,
m_9,493521,ADD,OK,,
m_7,108848,ADD,OK,,
m_1,147833,ADD,OK,,
m_4,338556,ADD,OK,,
m_0,82431,ADD,OK,,
m_4,270263,ADD,OK,,
m_2,270267,ADD,OK,,
m_0,150291,ADD,OK,,
m_0,587363,ADD,OK,,
m_6,76700,REMOVE,OK,,
m_1,16033,ADD,OK,,
m_1,248381,ADD,OK,,
m_6,336578,ADD,OK,,
m_7,192329,ADD,OK,,
m_0,295272,ADD,OK,,
m_2,301665,ADD,OK,,
m_4,335165,ADD,OK,,
m_4,390599,ADD,OK,,
m_5,115380,REMOVE,OK,,
m_9,299322,ADD,OK,,
m_3,407135,ADD,OK,,
m_9,412168,ADD,OK,,
m_2,408248,ADD,OK,,
m_3,134355,ADD,OK,,
m_8,60002,REMOVE,OK,,
m_4,518942,ADD,OK,,
m_6,376253,ADD,OK,,
m_9,305123,ADD,OK,,
m_0,524237,ADD,OK,,
m_0,270833,ADD,OK,,
m_4,94387,ADD,OK,,
m_9,314286,ADD,OK,,
m_1,130266,ADD,OK,,
m_3,226889,ADD,OK,,
m_0,131114,ADD,OK,,
m_4,448390,ADD,OK,,
m_5,474012,ADD,OK,,
m_8,76645,ADD,OK,,
m_8,340491,REMOVE,OK,,
m_1,376622,ADD,OK,,
m_1,246676,REMOVE,OK,,
m_5,443303,ADD,OK,,
m_7,84647,ADD,OK,,
m_5,303224,ADD,OK,,
m_4,300416,ADD,OK,,
m_5,470281,ADD,OK,,
m_1,388272,ADD,OK,,
m_3,494295,ADD,OK,,
m_8,568617,ADD,OK,,
m_3,540778,ADD,OK,,
m_9,51736,ADD,OK,,
m_7,504875,ADD,OK,,
m_9,533238,ADD,OK,,
m_0,524190,ADD,OK,,
m_5,125851,ADD,OK,,
m_9,291197,REMOVE,OK,,
m_9,518806,ADD,OK,,
m_4,97763,ADD,OK,,
m_3,166157,ADD,OK,,
m_0,130322,ADD,OK,,
m_3,288658,ADD,OK,,
m_2,525945,ADD,OK,,
m_6,431243,ADD,OK,,
m_1,515887,ADD,OK,,
m_4,475756,ADD,OK,,
m_2,41551,ADD,OK,,
m_6,40928,ADD,OK,,
m_6,208105,ADD,OK,,
m_7,165330,ADD,OK,,
m_1,540835,ADD,OK,,
m_4,137438,ADD,OK,,
m_4,328644,ADD,OK,,
m_4,472240,REMOVE,OK,,
m_5,524923,ADD,OK,,
m_2,279353,ADD,OK,,
m_0,19350,ADD,OK,,
m_3,50862,ADD,OK,,
m_6,439175,ADD,OK,,
m_9,591732,ADD,OK,,
m_3,78795,ADD,OK,,
m_2,3508,ADD,OK,,
m_9,427105,ADD,OK,,
m_7,523896,REMOVE,OK,,
m_9,263191,ADD,OK,,
m_9,592644,ADD,OK,,
m_3,485996,ADD,OK,,
m_2,375290,ADD,OK,,
m_7,477707,ADD,OK,,
m_9,366062,ADD,OK,,
m_1,39031,ADD,OK,,
m_3,411447,ADD,OK,,
m_7,181552,REMOVE,OK,,
m_8,596699,ADD,OK,,
m_9,274147,REMOVE,OK,,
m_0,455026,ADD,OK,,
m_3,317495,ADD,OK,,
m_7,462072,REMOVE,OK,,
m_1,489247,ADD,OK,,
m_3,502638,ADD,OK,,
m_8,46148,ADD,OK,,
m_6,422407,ADD,OK,,
m_2,147545,ADD,OK,,
m_2,452636,ADD,OK,,
m_8,278827,ADD,OK,,
m_9,22460,REMOVE,OK,,
m_2,95668,ADD,OK,,
m_6,121842,ADD,OK,,
m_9,466124,REMOVE,OK,,
m_3,443930,ADD,OK,,
m_1,245460,REMOVE,OK,,
m_5,433341,ADD,OK,,
m_0,69592,ADD,OK,,
m_4,352867,ADD,OK,,
m_1,83846,ADD,OK,,
m_8,1815,ADD,OK,,
m_6,469575,ADD,OK,,
m_2,73090,ADD,OK,,
m_8,26195,ADD,OK,,
m_5,266604,ADD,OK,,
m_8,221756,ADD,OK,,
m_0,184864,ADD,OK,,
m_6,70034,ADD,OK,,
m_9,309472,REMOVE,OK,,
m_8,75140,REMOVE,OK,,
m_4,176717,ADD,OK,,
m_6,568784,REMOVE,OK,,
m_5,184430,ADD,OK,,
m_3,254736,ADD,OK,,
m_6,182581,ADD,OK,,
m_7,313249,ADD,OK,,
m_0,486387,ADD,OK,,
m_2,390354,ADD,OK,,
m_0,334568,ADD,OK,,
m_0,195171,ADD,OK,,
m_6,556719,ADD,OK,,
m_6,425376,ADD,OK,,
m_1,593934,ADD,OK,,
m_5,208978,ADD,OK,,
m_2,526352,ADD,OK,,
m_1,149724,ADD,OK,,
m_0,480814,ADD,OK,,
m_8,216376,ADD,OK,,
m_4,432306,ADD,OK,,
m_4,50711,ADD,OK,,
m_8,455477,ADD,OK,,
m_6,136658,ADD,OK,,
m_6,289273,ADD,OK,,
m_2,202957,ADD,OK,,
m_0,270139,ADD,OK,,
m_5,582977,ADD,OK,,
m_3,413471,ADD,OK,,
m_5,241562,ADD,OK,,
m_0,246941,ADD,OK,,
m_5,578254,ADD,OK,,
m_2,99073,ADD,OK,,
m_7,68008,ADD,OK,,
m_4,544906,REMOVE,OK,,
m_6,31944,ADD,OK,,
m_7,39537,ADD,OK,,
m_8,545691,ADD,OK,,
m_2,44933,REMOVE,OK,,
m_9,333270,ADD,OK,,
m_0,498497,ADD,OK,,
m_8,16880,ADD,OK,,
m_2,326384,ADD,OK,,
m_1,295167,ADD,OK,,
m_6,98297,ADD,OK,,
m_2,81756,ADD,OK,,
m_1,553826,ADD,OK,,
m_2,263333,ADD,OK,,
m_8,31327,ADD,OK,,
m_1,287048,ADD,OK,,
m_5,84596,ADD,OK,,
m_3,385659,ADD,OK,,
m_5,229541,ADD,OK,,
m_9,214521,ADD,OK,,
m_9,339318,REMOVE,OK,,
m_2,322873,ADD,OK,,
m_7,461775,ADD,OK,,
m_2,175280,ADD,OK,,
m_0,378768,ADD,OK,,
m_0,442493,ADD,OK,,
m_0,564625,ADD,OK,,
m_6,430687,ADD,OK,,
m_2,265037,ADD,OK,,
m_4,160567,ADD,OK,,
m_4,436769,ADD,OK,,
m_2,419477,ADD,OK,,
m_2,154743,ADD,OK,,
m_4,475867,REMOVE,OK,,
m_2,230966,ADD,OK,,
m_7,144052,ADD,OK,,
m_0,200003,ADD,OK,,
m_8,214256,ADD,OK,,
m_2,570970,ADD,OK,,
m_8,249711,ADD,OK,,
m_6,410365,ADD,OK,,
m_2,405661,REMOVE,OK,,
m_5,502034,ADD,OK,,
m_5,172858,ADD,OK,,
m_0,164053,ADD,OK,,
m_4,462877,ADD,OK,,
m_2,549596,ADD,OK,,
m_0,30625,ADD,OK,,
m_5,287126,ADD,OK,,
m_2,160831,ADD,OK,,
m_7,142959,ADD,OK,,
m_7,151082,ADD,OK,,
m_6,105952,ADD,OK,,
m_2,9669,ADD,OK,,
m_0,337856,ADD,OK,,
m_4,509054,ADD,OK,,
m_2,601388,ADD,OK,,
m_7,559079,ADD,OK,,
m_0,307817,ADD,OK,,
m_4,270965,ADD,OK,,
m_3,394258,REMOVE,OK,,
m_0,390323,ADD,OK,,
m_9,59299,ADD,OK,,
m_4,471638,ADD,OK,,
m_6,117897,ADD,OK,,
m_3,456884,ADD,OK,,
m_8,318697,ADD,OK,,
m_7,162451,ADD,OK,,
m_1,383004,ADD,OK,,
m_5,418541,ADD,OK,,
m_8,357535,ADD,OK,,
m_4,237276,REMOVE,OK,,
