Timestamp,Hostname,DiskNumber,Type,Offset,Size,ResponseTime
461,server_1,0,Write,545882,139264,39.90472260276816
1346,server_1,0,Read,39013,4096,30.377752627149864
2014,server_1,0,Read,355831,8192,7.997200888726793
2864,server_1,0,Write,935726,12288,16.529052696600843
3448,server_1,0,Write,256909,45056,41.6078033387831
4418,server_1,0,Write,723219,4096,43.738337256639426
4805,server_1,0,Read,392669,32768,44.72194960579617
5537,server_1,0,Read,32635,126976,9.94619179670773
5709,server_1,0,Read,890058,57344,10.556007844795626
6438,server_1,0,Read,173399,36864,43.08162997831411
7233,server_1,0,Read,948505,12288,29.015187168970794
7746,server_1,0,Write,920528,4096,4.433574702614532
8063,server_1,0,Write,582029,20480,3.3835544885284414
8755,server_1,0,Read,500898,114688,26.118692163790794
9256,server_1,0,Write,545442,12288,34.18388248813838
9306,server_1,0,Read,63523,22818816,17.77938028270064
9713,server_1,0,Write,294107,4096,31.67661509378754
9960,server_1,0,Write,627931,4096,42.22122178111907
10916,server_1,0,Write,899124,4096,20.63318884422402
11560,server_1,0,Write,219704,36864,30.91339754256586
11862,server_1,0,Write,819163,4096,43.73817063403229
12392,server_1,0,Read,360969,98304,17.20441706506883
13377,server_1,0,Write,869552,24576,9.791123901672636
14139,server_1,0,Write,620424,4096,34.99247665162406
14898,server_1,0,Read,250386,12288,23.574733552502366
15542,server_1,0,Write,104157,8192,10.868119280556625
15648,server_1,0,Read,233598,204800,10.27808576519891
15779,server_1,0,Write,791949,4096,15.691610691837496
16146,server_1,0,Write,511140,8192,38.317015068055035
16720,server_1,0,Read,632313,4096,45.69223427527067
16834,server_1,0,Read,528705,180224,37.11070729402034
17471,server_1,0,Write,390831,1003520,34.42324452353733
17672,server_1,0,Write,406856,172032,42.355704098147726
18072,server_1,0,Write,272519,495616,28.380398348416655
18946,server_1,0,Write,601352,4096,25.275981059484202
19840,server_1,0,Read,157734,65536,10.940943055908571
20651,server_1,0,Write,796831,2158592,44.28297244464042
21122,server_1,0,Read,410535,36864,36.198523255085775
21581,server_1,0,Write,733397,139264,16.573542070766422
21877,server_1,0,Write,45716,4096,34.949078262019086
22494,server_1,0,Read,434445,8192,4.422914640375532
22802,server_1,0,Read,569112,4096,35.99279446860659
22861,server_1,0,Read,774660,4096,3.1864486208303457
23447,server_1,0,Read,689994,4096,34.1281939510145
24404,server_1,0,Read,430711,4096,13.104219957763735
24647,server_1,0,Read,416685,20480,45.398103262350574
24667,server_1,0,Read,421155,4096,31.07839682035847
24958,server_1,0,Write,620378,8192,46.35450233587202
25366,server_1,0,Read,151176,65843200,34.214555038965806
25367,server_1,0,Read,623010,4096,17.960108985995703
25979,server_1,0,Write,65090,217088,48.25567944736377
26183,server_1,0,Write,163709,4096,6.314865818638033
26808,server_1,0,Read,301391,4096,37.99023285550056
27437,server_1,0,Write,409955,4096,28.38679847878835
28399,server_1,0,Read,412159,4096,15.356768446169466
29178,server_1,0,Read,715377,4096,48.37864696220232
29337,server_1,0,Write,654821,4096,5.133432440594746
29503,server_1,0,Write,973991,4096,49.36555461560364
29505,server_1,0,Read,709771,258048,16.534351208053945
30274,server_1,0,Write,773564,4096,14.347466169097526
30539,server_1,0,Read,676551,20480,16.379266908997202
31257,server_1,0,Read,387336,24576,8.503736885758045
31329,server_1,0,Read,340909,4096,49.289966559611514
31378,server_1,0,Read,533307,49152,43.38026276986872
32135,server_1,0,Write,381328,12288,5.452611094631612
32765,server_1,0,Write,372197,8192,33.42875098106392
33116,server_1,0,Read,861568,4096,34.948276074359335
33977,server_1,0,Write,324285,4096,2.5971601649540244
34925,server_1,0,Read,453620,32768,26.58066063343219
35269,server_1,0,Write,216706,32768,39.22534376215913
35825,server_1,0,Read,841403,16384,47.779173251955186
36653,server_1,0,Write,384674,4096,33.68901036105129
36794,server_1,0,Write,423573,36864,49.032466212259834
36987,server_1,0,Write,372753,20480,34.758150273261215
37957,server_1,0,Read,931335,4096,23.091419927323642
38898,server_1,0,Write,151479,4096,22.20422334969642
39866,server_1,0,Read,352530,16384,15.393546633433926
40508,server_1,0,Read,711641,4096,31.39920270172464
40543,server_1,0,Write,794492,20480,37.52042101031131
40947,server_1,0,Read,389141,24576,9.732620068040546
41516,server_1,0,Write,929368,4096,20.968546120876013
42423,server_1,0,Write,563703,135168,34.56569774766213
42894,server_1,0,Read,607670,12288,44.613604343459976
43779,server_1,0,Write,632901,12288,39.10142522218157
44499,server_1,0,Write,156105,12288,46.26050074045037
45362,server_1,0,Read,697986,8192,22.44374914154558
45812,server_1,0,Read,525874,4096,33.89410212934014
46390,server_1,0,Write,168857,4096,12.455360095698275
47324,server_1,0,Read,211705,20480,28.549755814074047
48299,server_1,0,Write,261363,122880,6.789156570831039
48623,server_1,0,Read,418482,8192,49.20687609059005
48681,server_1,0,Read,231509,28672,26.886770924708735
48949,server_1,0,Read,668791,4096,45.325975129107626
49068,server_1,0,Write,890994,4096,4.807983647781476
49465,server_1,0,Write,835649,4096,21.411951916877573
50432,server_1,0,Read,296852,8192,24.220340905309172
51400,server_1,0,Read,36361,4096,37.35844307385324
52188,server_1,0,Write,644626,4096,44.61079088429648
53103,server_1,0,Read,826314,4096,10.215189334458286
53504,server_1,0,Read,471382,8192,23.241888923554374
54119,server_1,0,Write,281173,8192,27.59362837677158
54994,server_1,0,Read,227837,53248,36.03551866306447
55178,server_1,0,Write,651445,20480,3.275793761943002
55452,server_1,0,Write,80677,81920,1.2823656206687835
56155,server_1,0,Read,59561,4759552,4.426713853532627
57105,server_1,0,Write,421988,12288,31.342016912239767
57636,server_1,0,Read,330265,4096,8.975574604879963
58417,server_1,0,Read,693917,4096,27.329414544287722
58461,server_1,0,Read,707656,81920,29.032325299733035
59191,server_1,0,Write,425641,90112,6.541275674219351
59675,server_1,0,Write,850521,163840,47.676719777219404
60420,server_1,0,Read,604202,4096,1.7174645421631032
60643,server_1,0,Write,70918,978944,9.533695491544837
61225,server_1,0,Read,709957,1028096,38.94858475951853
62202,server_1,0,Write,814791,4096,26.25721594060677
63131,server_1,0,Read,183069,40960,25.178223454291512
63755,server_1,0,Write,468340,344064,48.96909943545401
64167,server_1,0,Write,949713,24576,5.449803978010121
64447,server_1,0,Read,36050,8192,18.836449802475897
64937,server_1,0,Read,961771,12288,7.472343054331427
65837,server_1,0,Write,533471,4096,28.502599855581135
66531,server_1,0,Write,144483,176128,26.28002293253435
66968,server_1,0,Read,527101,4096,49.821501589657025
67516,server_1,0,Read,45577,16384,38.81671402874435
67869,server_1,0,Write,243681,8192,33.836940295799906
68029,server_1,0,Write,576492,4096,40.17130732932122
68837,server_1,0,Read,647765,12288,17.31886795025154
69164,server_1,0,Write,66292,4096,29.75871739694991
69349,server_1,0,Write,443219,20480,46.402443011142374
70115,server_1,0,Write,372519,434176,43.89876681241403
70203,server_1,0,Read,95853,4096,25.361172619451988
70522,server_1,0,Read,474257,2641920,18.800447235428074
71227,server_1,0,Write,134278,4096,37.68578977265423
71635,server_1,0,Write,350578,4096,44.75867680715729
71790,server_1,0,Read,598427,8192,36.983929270328524
72027,server_1,0,Write,224387,24576,19.988337735690447
72525,server_1,0,Write,379385,4096,43.94472015336489
73148,server_1,0,Read,685271,49152,20.234566462927113
73362,server_1,0,Read,575120,20480,23.978637219945668
73870,server_1,0,Read,548121,57344,26.234648911806776
74613,server_1,0,Write,141782,4096,20.224772367600643
75255,server_1,0,Write,376705,4096,17.931218638948632
75488,server_1,0,Read,852898,8192,25.419203470297923
76156,server_1,0,Write,857324,12288,30.074796414135704
76663,server_1,0,Write,764376,131072,33.42971209706946
76708,server_1,0,Write,622988,4096,10.119809876923696
76850,server_1,0,Write,376571,8192,22.607046181558214
77596,server_1,0,Write,552898,12288,24.4632084063801
78254,server_1,0,Read,996480,790528,22.44061209410616
79245,server_1,0,Read,397607,4096,40.24286278302928
79948,server_1,0,Write,742633,196608,25.655647803538265
80430,server_1,0,Write,499093,16384,18.581520236678898
80626,server_1,0,Read,926525,4096,9.64803168107147
80749,server_1,0,Write,101514,4096,27.17231892867554
81319,server_1,0,Read,258764,24576,9.760209649397126
81551,server_1,0,Write,483761,4096,20.903567072735445
81625,server_1,0,Write,31922,57344,46.118199501933226
81956,server_1,0,Read,387391,12288,27.674961810869895
82087,server_1,0,Read,412566,200704,19.910262487039237
82909,server_1,0,Write,411807,28672,22.089581790910756
83755,server_1,0,Read,230365,20480,33.40151356836882
84685,server_1,0,Read,48813,16384,2.6273495698836657
84841,server_1,0,Write,437878,4096,12.681741878646152
85226,server_1,0,Read,70180,4096,25.305397048661252
86134,server_1,0,Write,612337,8192,29.228820978843466
86943,server_1,0,Read,894045,28672,32.58768756797456
87734,server_1,0,Read,303252,69632,15.421007494877058
88629,server_1,0,Write,662009,8192,25.091114236653038
89511,server_1,0,Write,333731,45056,14.718519494475865
89692,server_1,0,Write,353921,4096,9.979113021305825
90060,server_1,0,Write,665138,8192,12.769858347666183
90411,server_1,0,Write,176513,36864,17.221990507118992
91035,server_1,0,Write,500603,2228224,1.304011067095502
91917,server_1,0,Read,53735,53248,39.978919001984636
92308,server_1,0,Write,278904,24576,6.030981220373962
92630,server_1,0,Read,715256,4096,17.360370127692622
93339,server_1,0,Read,255713,4096,18.379924938820068
93693,server_1,0,Write,201482,126976,32.48995617157798
94435,server_1,0,Read,949573,45056,15.148416216996235
95243,server_1,0,Write,336431,20480,29.45744170802115
96010,server_1,0,Write,222051,16384,7.093328191841397
96689,server_1,0,Write,604020,4096,11.875512818906895
97688,server_1,0,Read,5659,73728,41.38373956889633
98651,server_1,0,Read,545775,69632,16.647402127565822
98773,server_1,0,Write,65143,4096,11.62636993093101
99413,server_1,0,Read,316304,110592,40.834940070377925
99428,server_1,0,Write,629531,36864,18.82240534511235
99877,server_1,0,Read,964152,16384,43.78524879099194
100665,server_1,0,Read,840836,4096,46.621016732040644
100938,server_1,0,Write,333747,8192,41.439910228103756
101867,server_1,0,Read,275652,4096,25.06234707737169
102308,server_1,0,Write,551035,12288,40.97853052776895
102556,server_1,0,Read,386077,20480,10.725969028561366
103150,server_1,0,Write,48449,4096,21.162176886074217
104050,server_1,0,Read,94274,49152,44.9629319650234
104613,server_1,0,Read,140213,81920,16.23984518483833
105420,server_1,0,Write,159617,32768,35.25960420094301
106082,server_1,0,Read,362372,4096,13.452307375573579
106744,server_1,0,Write,409578,4096,29.068453478292323
107294,server_1,0,Read,548563,4096,34.17068034617772
108121,server_1,0,Write,121177,4096,37.57525079350742
108664,server_1,0,Read,254948,12619776,4.629438717339567
108688,server_1,0,Write,221860,4096,1.9769905813237187
109557,server_1,0,Write,296542,4096,11.272009966366225
109967,server_1,0,Read,332413,57344,44.79800324066645
110175,server_1,0,Write,317115,4096,33.313289227173065
111016,server_1,0,Read,300353,4096,1.6837988918499138
111652,server_1,0,Read,578413,8192,41.83187310858272
112381,server_1,0,Read,742161,4096,31.045964258781872
112748,server_1,0,Read,531130,4096,21.85244095542623
113683,server_1,0,Read,916478,24576,33.002607514325895
113865,server_1,0,Read,429064,512000,48.120618474770815
113968,server_1,0,Write,978695,8192,12.319804164975961
114345,server_1,0,Read,111971,4096,24.5969755107496
114817,server_1,0,Write,513669,4096,41.09037886908711
115774,server_1,0,Write,460781,12288,48.93761116008081
116176,server_1,0,Write,813971,20480,16.017787573190333
117160,server_1,0,Read,158320,4096,46.88198530683254
117491,server_1,0,Write,917790,4096,14.543175373315595
118150,server_1,0,Read,585943,4096,30.413830264290134
118705,server_1,0,Read,205572,73728,1.3509843540364161
119640,server_1,0,Read,949338,8192,33.63347543443569
120094,server_1,0,Read,372963,8192,46.324295190372716
120474,server_1,0,Write,605455,8192,46.57304025297633
120758,server_1,0,Read,130719,4096,19.718609737284243
121481,server_1,0,Write,321809,4096,15.802919202025121
121802,server_1,0,Write,416363,4096,25.108806367685553
122446,server_1,0,Read,52810,8896512,27.8243277516434
122787,server_1,0,Write,171872,4096,48.6311484490826
123778,server_1,0,Read,518447,12288,40.622861371809975
124072,server_1,0,Read,701240,4096,23.48681979826493
124073,server_1,0,Write,100053,4096,8.257923096652096
124414,server_1,0,Read,454164,4096,10.389486136895492
125001,server_1,0,Read,24069,4096,2.527498555218479
125610,server_1,0,Read,757905,167936,18.97123190510684
125628,server_1,0,Write,487152,8192,17.66338393425322
126414,server_1,0,Read,440054,16384,16.78056186718196
126608,server_1,0,Read,908440,8192,37.85307457267248
127473,server_1,0,Write,852411,8192,42.268495713708006
127579,server_1,0,Write,282989,32768,29.16432257950384
127868,server_1,0,Write,336929,4096,39.49851430561631
128597,server_1,0,Write,231625,12288,19.668780038613225
129043,server_1,0,Read,739316,12288,19.246437095746483
129563,server_1,0,Write,995026,4096,19.14519764922026
130175,server_1,0,Read,213721,8192,49.446754785892075
130269,server_1,0,Write,743922,4096,6.672507104568137
130736,server_1,0,Write,837803,49152,16.543271172955208
131233,server_1,0,Write,399184,8192,39.09257104073537
131284,server_1,0,Read,902323,4096,8.039062300510723
132116,server_1,0,Read,823851,4096,20.832375785932655
133092,server_1,0,Read,145901,4096,39.72308961863538
133991,server_1,0,Write,183467,4096,15.254658831129005
134211,server_1,0,Write,325527,20480,15.561224521496364
135180,server_1,0,Read,514708,4096,40.9766979078544
135898,server_1,0,Write,237457,4096,43.25961088751347
136081,server_1,0,Write,882583,4096,2.9705434660286762
136730,server_1,0,Read,654998,4096,16.911618582916887
137311,server_1,0,Write,499617,28672,42.22804195321796
138299,server_1,0,Read,276568,24576,37.2494718469567
138555,server_1,0,Read,244439,4096,24.490884076371795
139270,server_1,0,Write,949836,24150016,9.862596255277102
139682,server_1,0,Write,594925,4096,41.68528662551135
140397,server_1,0,Write,194216,4096,40.81910876337408
140480,server_1,0,Write,367306,4096,46.47288257019545
141010,server_1,0,Write,17224,49152,21.585572054388642
141371,server_1,0,Read,491476,20480,27.146350632184845
141732,server_1,0,Read,88398,4096,18.30562786474299
142127,server_1,0,Read,248669,405504,34.242400451924155
142919,server_1,0,Read,12403,4096,48.7824527301327
143581,server_1,0,Write,311007,8192,7.90411316047004
143802,server_1,0,Read,934975,8192,37.84541643781459
144464,server_1,0,Write,447357,98304,27.485954443412755
144687,server_1,0,Read,591445,4096,30.572429860374736
145324,server_1,0,Write,186630,4096,1.4799472981225081
145623,server_1,0,Write,276854,4096,3.3274866050295206
146589,server_1,0,Write,216126,12288,29.72134847250028
146861,server_1,0,Write,113999,614400,6.893109112900854
147339,server_1,0,Write,982969,8192,46.874619275977366
147629,server_1,0,Write,810927,2334720,31.173955794907236
147757,server_1,0,Write,82345,4096,3.9685676201326014
148322,server_1,0,Read,221932,4096,28.322453302283474
148353,server_1,0,Write,394565,16384,33.11690541893036
148841,server_1,0,Read,414763,40960,36.98108637083719
149510,server_1,0,Write,505780,4096,22.167799482456324
149586,server_1,0,Read,990790,4096,13.338068301488535
150197,server_1,0,Write,122952,16384,34.52851943103264
150292,server_1,0,Read,227283,4096,9.919112941052148
151115,server_1,0,Read,642835,4096,34.19046373842316
151842,server_1,0,Write,924834,4096,7.1381207311249675
152495,server_1,0,Read,989537,4096,32.4805157784628
152937,server_1,0,Write,166682,311296,14.297289768194034
153429,server_1,0,Write,271392,4096,10.078091690562625
154039,server_1,0,Write,729882,4096,5.739907615094013
154123,server_1,0,Write,120434,11096064,11.152030103503701
154912,server_1,0,Read,489656,4096,40.975085903040416
155182,server_1,0,Read,71434,4096,41.15951372813232
155751,server_1,0,Read,298445,4096,26.347156180568067
156043,server_1,0,Write,765996,4096,34.572971887038754
156561,server_1,0,Read,361856,262144,2.130169666321099
156569,server_1,0,Write,237779,4096,39.471128153942885
157461,server_1,0,Read,111601,36864,46.865873385128054
157561,server_1,0,Write,676585,4096,17.87245400265587
158186,server_1,0,Write,154477,471040,33.722619459642104
158263,server_1,0,Read,419125,557056,12.404971684230919
159129,server_1,0,Read,72312,4096,21.47968664030791
159896,server_1,0,Write,578430,4096,30.20611963360029
160113,server_1,0,Write,475945,4096,39.47285450119337
160848,server_1,0,Read,805805,8192,45.46161725781306
161012,server_1,0,Read,194766,4096,20.97890748551535
161628,server_1,0,Read,396566,692224,20.938829911106076
162384,server_1,0,Read,275431,4096,33.90641884836366
163201,server_1,0,Read,162574,4096,1.0283335459985457
163624,server_1,0,Read,732327,4096,42.66469480914762
164497,server_1,0,Write,231991,8192,33.14612818674577
165011,server_1,0,Read,984500,4096,30.269573148738637
165201,server_1,0,Write,766348,4096,44.70287216149937
165222,server_1,0,Read,62768,4096,41.37869018138679
165963,server_1,0,Write,77275,12288,12.512116455985266
166113,server_1,0,Write,945660,4096,36.599859869015205
166814,server_1,0,Write,275147,32768,17.10717096423789
166983,server_1,0,Read,957842,4096,31.179852954133064
167772,server_1,0,Read,183380,16384,24.644152910247147
168504,server_1,0,Write,451955,28672,3.1301170342712417
168823,server_1,0,Write,425377,4096,12.875055395439718
169090,server_1,0,Read,873409,4096,6.804851653077205
169900,server_1,0,Write,373254,4096,43.370544795290215
170488,server_1,0,Read,965000,12288,32.49267760396657
170846,server_1,0,Read,25853,20480,20.50944384644171
171286,server_1,0,Read,351988,4096,18.721102276971962
171929,server_1,0,Write,623624,8192,31.4827074638365
172285,server_1,0,Read,839193,40960,13.857002395678526
172445,server_1,0,Write,895131,20480,28.030872825872116
173421,server_1,0,Read,665313,8192,16.688861877894638
173669,server_1,0,Read,489964,8192,6.104542470420949
174211,server_1,0,Write,702731,4096,48.429788001154726
174883,server_1,0,Read,743794,4096,9.43639234872799
175202,server_1,0,Read,761342,4096,36.90032387411826
175696,server_1,0,Write,808633,4096,30.132938193073418
176457,server_1,0,Write,407765,4096,7.616268560914341
177008,server_1,0,Read,251322,12288,20.782036532789018
177767,server_1,0,Write,760589,36864,1.4480717399034835
178432,server_1,0,Read,882381,20480,44.126970889679036
178895,server_1,0,Write,305301,8192,13.735591438661018
179357,server_1,0,Write,395568,4096,36.38802397306805
179905,server_1,0,Read,937356,4096,3.2868219180568206
180218,server_1,0,Read,792010,36864,4.172091736360358
180716,server_1,0,Read,893213,12288,43.89405317873499
180823,server_1,0,Write,653807,4096,33.59874076927895
181463,server_1,0,Read,658046,4096,3.536240902512662
181566,server_1,0,Read,96218,4096,40.21671192563232
182104,server_1,0,Write,278202,106496,7.8595601345627895
183007,server_1,0,Write,846878,151552,46.1477618816737
183849,server_1,0,Read,455964,4096,49.920850956139276
183892,server_1,0,Read,84639,4096,35.93300128835857
184525,server_1,0,Read,780651,8192,2.0250093588472318
185081,server_1,0,Read,106766,4096,39.23141706672194
185285,server_1,0,Write,970928,69632,15.106543810435063
186050,server_1,0,Read,385190,4096,23.876547076308334
186294,server_1,0,Read,726542,16384,41.84911834199658
186776,server_1,0,Write,10452,8192,34.594094276332264
187275,server_1,0,Write,840427,4096,9.575679876382544
187711,server_1,0,Write,114869,16384,43.578201484563536
188448,server_1,0,Read,839026,540672,36.645419382178936
189324,server_1,0,Read,182384,40960,7.352756834522849
189979,server_1,0,Write,165118,8192,14.63085611798696
190822,server_1,0,Write,934643,40960,34.086460749494805
191173,server_1,0,Read,779229,4096,41.14124554677348
191314,server_1,0,Write,672050,4096,43.80799418705721
191457,server_1,0,Read,109188,12288,45.83966429367143
192321,server_1,0,Read,125528,176128,46.60311578460115
192574,server_1,0,Read,785112,4096,7.1826652807252325
193005,server_1,0,Read,533383,4096,18.131996748907266
193499,server_1,0,Read,999857,4096,29.215958445990324
194149,server_1,0,Read,10624,32768,46.606678067913926
194594,server_1,0,Read,343808,4096,34.283259199351534
195493,server_1,0,Write,283919,4096,3.823459442610237
195743,server_1,0,Read,85935,110592,18.197090860999573
196551,server_1,0,Write,542634,651264,1.6948002995001965
197071,server_1,0,Write,935123,8192,31.285137895243324
197679,server_1,0,Write,156369,4096,41.71807717618789
198331,server_1,0,Read,716219,8192,1.5693442133718376
199300,server_1,0,Read,290226,4096,7.333192360546732
199949,server_1,0,Write,158096,8192,38.756735925159845
200422,server_1,0,Read,369700,8192,1.1470269702579206
201316,server_1,0,Read,476286,4096,9.055629402025538
201538,server_1,0,Write,514724,12288,43.11222914176279
202153,server_1,0,Write,698617,4096,48.89693724008491
202451,server_1,0,Write,47087,8192,31.609834177697433
202850,server_1,0,Read,410810,4096,10.650466249363669
203696,server_1,0,Write,892142,8192,13.649854316460944
203858,server_1,0,Write,478277,4096,2.8838601737236855
204026,server_1,0,Read,197826,8192,37.850718909695665
204389,server_1,0,Write,316656,4096,38.12530911708182
204945,server_1,0,Write,772192,4096,43.04054133077939
205770,server_1,0,Read,315406,20480,4.828377698258031
206388,server_1,0,Read,638915,8192,29.30599615336337
206400,server_1,0,Write,48592,12288,37.655245824281415
206560,server_1,0,Read,89268,45056,6.048988992028499
206819,server_1,0,Write,657044,2994176,12.349420391042779
207697,server_1,0,Write,424632,888832,21.300231812809166
208581,server_1,0,Write,945400,4096,10.437899550812189
209267,server_1,0,Write,174971,16384,9.395470837176259
210022,server_1,0,Read,700019,4096,48.09689215865546
210998,server_1,0,Write,713675,24576,11.65093473564162
211341,server_1,0,Write,498892,4096,10.90499997331083
212128,server_1,0,Write,728096,12288,7.859164194683
212760,server_1,0,Read,596488,4096,24.716471349475047
213089,server_1,0,Write,128848,679936,28.113971221394674
213159,server_1,0,Write,290378,4096,2.9390116881400843
213879,server_1,0,Read,984303,335872,16.768897751062315
213923,server_1,0,Write,402936,32768,23.675367733828164
214423,server_1,0,Read,12540,4096,45.66903236728534
214882,server_1,0,Read,376237,32768,35.36386021905259
214951,server_1,0,Write,465949,4096,22.94929959286624
215312,server_1,0,Read,198685,53248,15.212778096982337
215418,server_1,0,Read,302597,512000,41.455319765510005
215793,server_1,0,Write,442533,20480,48.169839005294605
216273,server_1,0,Read,568550,16384,32.851971222773116
216717,server_1,0,Write,693042,16384,2.1190821953404164
216812,server_1,0,Read,757828,8192,22.14707176670282
216824,server_1,0,Read,825437,4096,42.15236237186619
217822,server_1,0,Read,515459,16384,38.52893786794074
218229,server_1,0,Write,339322,4096,4.5320836559757645
218342,server_1,0,Read,347998,8192,42.881633258411874
219151,server_1,0,Read,322847,368640,17.229233266496763
219171,server_1,0,Write,86600,12288,20.24339127867206
219766,server_1,0,Read,198672,4096,27.9628563223934
219987,server_1,0,Read,20168,4096,40.955078638626894
220096,server_1,0,Read,581373,12288,30.569987345432477
220884,server_1,0,Write,86850,104857600,7.971900635033954
221630,server_1,0,Read,118640,28672,12.094211951271918
221759,server_1,0,Write,67180,4096,46.683304419391405
222270,server_1,0,Read,843527,20480,8.548053791466096
222681,server_1,0,Write,742258,413696,36.31704892394712
223243,server_1,0,Read,576296,12288,23.05857544030417
223952,server_1,0,Write,860036,204800,38.67734420576657
224749,server_1,0,Write,590335,106496,37.8096089900167
224941,server_1,0,Write,771054,4096,34.89431472606604
225390,server_1,0,Write,294774,20480,1.4459755673479082
225926,server_1,0,Write,876080,61440,22.14155100975953
226715,server_1,0,Write,902935,36864,2.355282886665793
226827,server_1,0,Write,569139,12288,12.852876180653675
227244,server_1,0,Read,192596,77824,34.60917678799697
227630,server_1,0,Write,738683,12288,9.630705376462995
228046,server_1,0,Read,819400,2080768,12.199246797281997
228955,server_1,0,Read,212701,49152,17.210652942378786
229259,server_1,0,Write,926619,40960,47.574630439193086
229879,server_1,0,Write,816381,4096,18.179761796314683
229908,server_1,0,Write,554376,12288,42.84984449282547
230664,server_1,0,Read,914551,24576,49.8268924657142
231560,server_1,0,Write,666369,4096,34.81977074991194
232102,server_1,0,Read,376152,12288,32.008830654503214
232323,server_1,0,Write,678064,12288,25.416487191158964
233127,server_1,0,Write,165791,4096,20.000568181110612
233496,server_1,0,Write,96013,8192,18.224855754181757
234050,server_1,0,Read,849504,4096,18.966291137018363
235045,server_1,0,Read,1187,12288,3.8363240042147106
235788,server_1,0,Write,515566,4096,3.217423070801824
236754,server_1,0,Read,573354,8192,20.672297837787475
237332,server_1,0,Read,883179,6008832,11.041312646209274
238038,server_1,0,Write,702239,65536,16.868415014136026
238531,server_1,0,Write,438999,20480,39.21094410735531
238984,server_1,0,Write,764838,45056,23.176064706605906
239115,server_1,0,Write,677947,8192,27.01007368031076
239419,server_1,0,Read,59911,49152,9.910000802382458
239807,server_1,0,Write,474014,8192,46.881419578697475
240793,server_1,0,Read,213705,212992,4.812900454095793
240890,server_1,0,Read,876336,4096,44.293623288461646
241757,server_1,0,Read,643944,12288,45.57203285178077
242532,server_1,0,Write,915926,8192,46.988431036945975
242785,server_1,0,Read,794044,4096,37.176383326844395
243052,server_1,0,Write,258607,4096,35.884346966038386
243669,server_1,0,Read,716695,53248,47.96377262025482
244481,server_1,0,Read,128646,110592,37.200308249072
245462,server_1,0,Write,213094,4096,15.222063674198768
245920,server_1,0,Write,424850,110592,13.068118556458526
246722,server_1,0,Read,732403,4096,32.853666876890486
247322,server_1,0,Read,853641,4096,46.32132111795404
248065,server_1,0,Read,115792,294912,6.483522219830639
248106,server_1,0,Write,962384,4096,39.58437200318775
248420,server_1,0,Read,826163,8192,4.479836806101144
248549,server_1,0,Read,300973,4096,34.90250803949843
248775,server_1,0,Read,841473,4096,44.68961571155341
249018,server_1,0,Write,823710,24576,25.43273420267284
249093,server_1,0,Read,620200,4096,6.346120191466079
249238,server_1,0,Read,660201,16384,9.313284174616816
249716,server_1,0,Read,539886,12288,24.53155897196507
250514,server_1,0,Read,731444,8192,6.9241437478184755
251290,server_1,0,Read,682148,4096,39.189978970677245
251464,server_1,0,Write,790864,679936,38.49980608504182
251584,server_1,0,Write,872932,159744,35.70890336784076
251735,server_1,0,Write,211984,81920,47.32349128869681
252286,server_1,0,Read,860865,2150400,43.00879968286478
252374,server_1,0,Read,989302,4096,1.8117858701487333
252744,server_1,0,Read,783076,1028096,14.743117888536833
253260,server_1,0,Read,383518,14626816,36.03227932164746
253864,server_1,0,Write,70348,4096,39.33348450437015
254305,server_1,0,Read,882956,16384,30.67933984411634
254727,server_1,0,Read,157171,20480,1.5592669801951704
254754,server_1,0,Write,608493,233472,42.9981807923078
255174,server_1,0,Write,550740,110592,11.989786130934082
256082,server_1,0,Write,328250,69632,18.349109753710955
257058,server_1,0,Read,216175,16384,32.42201730946228
257664,server_1,0,Read,824128,8192,18.280567068193164
258483,server_1,0,Write,696632,20480,2.8422077522954856
258660,server_1,0,Read,610712,4096,23.748434834066774
259101,server_1,0,Write,559660,4096,16.794679809650717
259906,server_1,0,Write,490576,4096,24.04810493465334
260642,server_1,0,Write,866160,4096,41.249257361365174
260993,server_1,0,Write,453748,1953792,6.099361602497204
261171,server_1,0,Write,49830,69632,3.749491999800026
262012,server_1,0,Read,145636,4096,44.09309208363327
262952,server_1,0,Read,150426,12288,4.297571058977278
262969,server_1,0,Read,403854,4096,8.091133039378747
263537,server_1,0,Read,957704,196608,47.193720048750826
264061,server_1,0,Read,466587,4096,13.511211631638641
264493,server_1,0,Write,933693,4096,19.13308480512572
265273,server_1,0,Write,374467,12288,3.8731019015823467
265664,server_1,0,Write,320931,20480,44.351361224463005
266643,server_1,0,Read,711074,8192,6.7146741890388135
267418,server_1,0,Read,337685,4096,40.427313061609226
268408,server_1,0,Write,721668,561152,32.54925025910086
269020,server_1,0,Write,691786,4096,39.92062620811928
269414,server_1,0,Read,31032,12288,26.60044468586635
269929,server_1,0,Read,948955,458752,13.672695686227758
270223,server_1,0,Write,495505,4096,26.95365839768605
271033,server_1,0,Read,748860,16384,29.015769386940097
271787,server_1,0,Write,478344,4096,7.246781101965212
272154,server_1,0,Read,690821,4096,32.51905176393129
272718,server_1,0,Write,792859,4096,25.70844436360225
272742,server_1,0,Write,738503,36864,35.56054315546199
273372,server_1,0,Write,414203,4096,49.64963243482688
273763,server_1,0,Write,584294,4096,36.999689157682425
274123,server_1,0,Write,717518,1921024,35.99362156469178
274473,server_1,0,Read,383288,4096,26.713189332015137
274769,server_1,0,Write,422375,4096,28.7217307157717
274940,server_1,0,Write,296451,4096,39.51659242060781
275255,server_1,0,Read,923280,16384,49.84615900187734
275914,server_1,0,Write,53715,65536,36.85927868777103
276028,server_1,0,Write,553589,4096,43.32809985212731
276465,server_1,0,Read,796088,12288,26.38936107561872
276656,server_1,0,Write,540669,8192,15.105052025133299
277441,server_1,0,Read,330527,24576,6.120125816308151
277604,server_1,0,Read,521805,8192,26.81447329751447
278274,server_1,0,Read,864713,1269760,9.443500076051459
278470,server_1,0,Write,551464,4096,35.60188787621466
279249,server_1,0,Read,882853,4096,19.8013171344626
279363,server_1,0,Read,640182,4096,21.257239756080864
279645,server_1,0,Write,376136,36864,45.36328640056042
279648,server_1,0,Read,293676,4096,41.16859551012568
279789,server_1,0,Write,437661,8192,44.34123201321949
280677,server_1,0,Read,914413,4096,36.694174167418524
280809,server_1,0,Read,845779,20480,38.417659077278685
281374,server_1,0,Read,194071,53248,16.382394860394548
281722,server_1,0,Write,301907,4096,18.67385436262318
281901,server_1,0,Read,801994,73728,6.858266743527086
282075,server_1,0,Write,923811,8192,40.08900475870199
282863,server_1,0,Read,103683,16384,49.79539625055122
282916,server_1,0,Write,443109,20480,14.856409372188596
283769,server_1,0,Read,514108,45056,40.239644033564424
284738,server_1,0,Write,239727,98304,6.266459832852737
285476,server_1,0,Read,288694,8192,37.51287189010574
285868,server_1,0,Read,316860,4096,27.57799008433716
286843,server_1,0,Read,827293,12288,30.913364858977356
287335,server_1,0,Read,187953,49152,18.848280680938803
288026,server_1,0,Read,361969,65536,7.541680823215854
288078,server_1,0,Write,556658,102400,14.524492125045505
288913,server_1,0,Write,948856,77824,37.573479023548956
289040,server_1,0,Write,910816,16384,34.085851528582964
289309,server_1,0,Write,456991,4096,34.79944274843078
290019,server_1,0,Read,126376,4096,12.065410858435815
290589,server_1,0,Write,852832,4096,28.20762723978243
291216,server_1,0,Read,266369,12288,24.404058458841277
291547,server_1,0,Write,197617,81920,15.7830503124569
291561,server_1,0,Write,120087,28672,43.79570024642447
292451,server_1,0,Read,178582,4096,11.758202501693253
293240,server_1,0,Read,574691,8192,42.853606939926415
293373,server_1,0,Write,12532,4096,7.0849996036368275
294078,server_1,0,Read,623860,45056,16.405602343515124
294991,server_1,0,Read,894980,4096,14.44965799345276
295882,server_1,0,Read,274701,40960,24.273369222798557
296327,server_1,0,Read,405572,4096,40.6608932225096
296555,server_1,0,Write,69524,20480,24.366363811038703
296667,server_1,0,Write,466532,303104,28.317264970844214
297222,server_1,0,Read,403373,8192,45.91647241077766
298196,server_1,0,Read,871915,8192,34.969443973088964
298514,server_1,0,Write,772944,4096,47.64893225557417
299244,server_1,0,Read,503286,61440,26.734044649293917
299651,server_1,0,Read,799819,4096,24.688945606780056
300179,server_1,0,Write,151525,4096,17.744932590939833
300756,server_1,0,Write,973450,4096,4.353276078270398
301107,server_1,0,Write,372706,4096,29.828206032558665
301908,server_1,0,Write,257808,73728,27.864421906743814
302902,server_1,0,Read,700695,4096,6.186745471609129
302992,server_1,0,Read,215544,28672,16.704945731235487
303491,server_1,0,Read,442270,16384,26.39211501808297
304030,server_1,0,Read,354918,4096,34.14752168089156
304831,server_1,0,Read,475681,12288,42.42758985634087
305297,server_1,0,Read,276222,548864,48.43942739403914
305676,server_1,0,Write,230244,4096,10.805447621491718
306416,server_1,0,Write,286614,4096,49.91317246375841
306969,server_1,0,Read,366948,8192,25.987452308976
307081,server_1,0,Write,634064,4096,35.92695543373706
307527,server_1,0,Write,395992,102400,14.391912741058668
308440,server_1,0,Read,603265,4096,3.3670071348424724
308961,server_1,0,Write,212243,229376,41.56830544204897
309696,server_1,0,Read,347063,16384,36.28200074780385
310069,server_1,0,Read,686790,16384,3.8630961808220814
310976,server_1,0,Write,408606,4096,27.494928842013067
311286,server_1,0,Write,604151,4096,19.895738269636514
311892,server_1,0,Read,15713,4096,4.483626179543881
312236,server_1,0,Write,218158,12288,7.413794237753752
312768,server_1,0,Read,161341,8192,14.932563207962714
312777,server_1,0,Write,400582,36864,20.208702384603885
312936,server_1,0,Write,202301,4096,31.309986311994965
313877,server_1,0,Write,703951,12288,13.784570329733628
314320,server_1,0,Read,161647,4096,2.6574425589323964
315124,server_1,0,Read,58405,8192,35.554991966760596
315494,server_1,0,Write,775616,4096,21.772164404663766
316481,server_1,0,Write,857301,53248,2.592598417648886
316703,server_1,0,Write,630963,4096,43.89314219135779
317157,server_1,0,Write,803858,4096,33.107827728775085
317617,server_1,0,Write,955771,20480,38.4170179608195
318073,server_1,0,Read,773574,389120,46.971111714780875
318167,server_1,0,Write,172052,159744,6.740431949485548
319012,server_1,0,Write,912219,8192,41.44742271280221
319176,server_1,0,Write,353735,40960,46.666755427530326
320093,server_1,0,Write,218210,4096,44.63842825800177
320872,server_1,0,Read,692205,4096,14.909253708258895
321293,server_1,0,Write,967801,4096,13.066868497382808
322206,server_1,0,Write,315819,24576,40.42810714794157
322933,server_1,0,Write,732032,8192,33.634365312841226
323884,server_1,0,Write,769216,131072,7.501184310869327
323980,server_1,0,Write,649263,4096,14.595834748109542
324595,server_1,0,Read,440754,86016,3.447947660449392
324771,server_1,0,Write,705860,4096,16.557454126013816
324791,server_1,0,Read,981070,4096,23.296850759888294
324836,server_1,0,Read,754412,4096,35.547179556325226
325065,server_1,0,Read,366048,577536,36.72312077012411
325406,server_1,0,Write,39939,4096,14.32464905420553
325649,server_1,0,Read,536845,4096,36.34225013152758
326399,server_1,0,Read,562151,229376,3.8958006641044
326635,server_1,0,Write,471080,12288,42.524399728238244
327280,server_1,0,Write,918242,4096,26.879694174925728
327801,server_1,0,Write,315082,8192,36.38987880744776
328490,server_1,0,Read,154873,520192,16.95158986928584
329182,server_1,0,Read,16483,188416,32.02057793762562
329196,server_1,0,Read,505141,8192,45.960601437818504
329280,server_1,0,Write,321121,4096,42.12721838149726
329916,server_1,0,Write,22350,4096,19.308662149112074
330112,server_1,0,Write,493341,20480,37.86524974277489
330395,server_1,0,Write,1338,36864,1.5295980083859773
331268,server_1,0,Read,282090,8192,8.905122090319747
331453,server_1,0,Write,898611,4096,18.264651856488886
332375,server_1,0,Write,172843,4096,41.63047097332315
332687,server_1,0,Read,494040,4096,35.75809970409318
333582,server_1,0,Write,541326,12288,48.84236008637474
334470,server_1,0,Write,503849,4096,47.573711199347834
335054,server_1,0,Read,701493,12288,35.02262626179006
335685,server_1,0,Read,420982,4096,10.006584644901583
336147,server_1,0,Write,550999,28672,1.5648560024105058
337017,server_1,0,Write,57017,40960,41.98177867729215
337195,server_1,0,Read,491243,24576,30.512189698124896
337539,server_1,0,Read,456328,28672,2.237878613651816
338374,server_1,0,Read,252660,16384,17.69243721691516
338426,server_1,0,Read,61730,4096,6.941996199284201
338686,server_1,0,Write,902301,16384,35.87985237857956
339510,server_1,0,Write,443006,4096,25.529431216867103
340501,server_1,0,Read,769351,12288,38.738490897642244
341163,server_1,0,Read,542151,69632,34.26984077863442
341943,server_1,0,Write,980050,49152,3.6744131791917685
342554,server_1,0,Read,71042,114688,7.186072866990174
342903,server_1,0,Read,845203,729088,8.227839776562949
343676,server_1,0,Write,27910,4096,37.72105111985882
344204,server_1,0,Write,389058,4096,2.797940861259768
345037,server_1,0,Write,852413,4096,12.28521086604212
345814,server_1,0,Write,117285,4096,28.21336597475324
346739,server_1,0,Read,386556,32768,33.45816245927623
346799,server_1,0,Write,555633,557056,1.125024740105881
347643,server_1,0,Read,643880,339968,37.728921205464346
347665,server_1,0,Write,412207,4096,40.8049261715301
348349,server_1,0,Read,599378,104857600,1.7732618733575392
348926,server_1,0,Write,64347,4096,18.51577933647914
349062,server_1,0,Read,643582,4096,1.1211206438940968
349167,server_1,0,Write,204750,8192,19.64934267477718
350012,server_1,0,Write,564223,40960,5.159356504200557
350212,server_1,0,Write,376766,4096,14.735699516750495
350254,server_1,0,Write,618682,8192,29.15440230718015
350780,server_1,0,Read,786178,4096,41.48848056734704
351474,server_1,0,Write,606535,36864,25.830995944207384
351561,server_1,0,Write,926755,4096,23.268149082365927
352446,server_1,0,Read,934917,4096,14.390603894634891
353432,server_1,0,Write,357529,16384,37.87316377264971
354284,server_1,0,Write,590188,12288,1.4848114436838729
355071,server_1,0,Read,384807,335872,47.22064033216225
355791,server_1,0,Write,537928,4096,24.77691762263069
356503,server_1,0,Write,941210,8192,34.59946249746638
356929,server_1,0,Write,532888,20480,37.244794571652626
357648,server_1,0,Read,779132,208896,24.178482410674576
357979,server_1,0,Write,690012,200704,36.709784426898516
358349,server_1,0,Read,268969,8192,32.431936477713464
358415,server_1,0,Write,124221,28672,20.990201269742897
359140,server_1,0,Read,168606,4096,28.25232334838031
359996,server_1,0,Write,788647,61440,32.74302529949698
360291,server_1,0,Read,98681,409600,32.3345779656434
361242,server_1,0,Write,190056,4096,3.2554283347150075
361912,server_1,0,Read,784249,49152,28.37192105535808
362233,server_1,0,Read,936613,12288,4.47983380007901
363007,server_1,0,Write,577359,61440,33.54624302613678
363853,server_1,0,Read,520293,8192,17.57454081184747
364744,server_1,0,Write,195780,8192,32.67285622239797
365387,server_1,0,Read,180137,4096,44.53291229181255
365903,server_1,0,Read,707059,74932224,43.0947098409191
366119,server_1,0,Read,107221,4096,49.10356500889285
366943,server_1,0,Read,736718,12288,47.677202681463875
367721,server_1,0,Write,539149,4096,39.10820730672417
368507,server_1,0,Write,61611,16384,38.64581483940539
369138,server_1,0,Write,418287,4096,47.410517261414554
369766,server_1,0,Write,981630,102400,39.1128825495979
370421,server_1,0,Write,257385,8192,40.750889540100424
370654,server_1,0,Write,398911,32768,33.31964820863575
371419,server_1,0,Read,664309,49152,39.459302873360855
372017,server_1,0,Read,140716,4096,35.77596274542425
372449,server_1,0,Read,551945,45056,19.762133674119333
372998,server_1,0,Write,949333,4096,9.519038364032339
373483,server_1,0,Read,955744,4096,29.809435676202785
373958,server_1,0,Read,147161,4096,34.536696966824444
374657,server_1,0,Read,569014,20480,46.064214874907286
375329,server_1,0,Read,457328,12288,37.58768681096661
376020,server_1,0,Read,640581,12288,24.490797893251635
376550,server_1,0,Write,955473,16384,19.401573688217816
376689,server_1,0,Write,543696,4096,26.76164611443212
377546,server_1,0,Write,131150,94208,31.003742909113026
377739,server_1,0,Read,893382,45056,14.389196591202177
378304,server_1,0,Write,226342,4096,8.365595232766934
378642,server_1,0,Write,284949,12288,48.29483680837563
379408,server_1,0,Read,558804,4096,21.953926804937442
379477,server_1,0,Read,740168,12288,6.637369412780437
380361,server_1,0,Write,487924,16384,13.488853675969377
380971,server_1,0,Write,699201,4096,10.423475689718089
381085,server_1,0,Read,111828,4096,46.78377685524651
381209,server_1,0,Write,736854,4096,11.424162202318433
381467,server_1,0,Read,52800,12288,10.279451932311668
382380,server_1,0,Read,61565,114688,45.32950852983011
382494,server_1,0,Read,868092,4096,1.29337277029942
383213,server_1,0,Write,237819,4096,47.41700561188057
383816,server_1,0,Read,120216,4096,10.31947830941056
384666,server_1,0,Write,626853,57344,24.398573873030507
385640,server_1,0,Read,53410,4096,8.280205816651282
385864,server_1,0,Read,493720,4096,9.185845430696084
386577,server_1,0,Read,551871,372736,24.108170343260845
387106,server_1,0,Write,366315,4096,30.5108189885051
387485,server_1,0,Write,518033,16384,13.873936828720451
388158,server_1,0,Read,409304,69632,20.208977565811253
388209,server_1,0,Write,633489,4096,16.74754469137709
388440,server_1,0,Write,446675,12288,5.548592353933995
388541,server_1,0,Read,23460,4096,8.999680311454904
388921,server_1,0,Write,5256,16384,19.999883165496776
389644,server_1,0,Read,964624,53248,17.710817589490304
390425,server_1,0,Read,436579,65536,8.133415281699225
391187,server_1,0,Read,718973,4096,5.580896422832614
392068,server_1,0,Read,15424,8192,28.151942435282212
392141,server_1,0,Read,799775,4096,6.94426301015867
392613,server_1,0,Write,828146,8192,38.2517363792135
393110,server_1,0,Write,445383,192512,16.572249963582387
394084,server_1,0,Write,419717,4096,21.970584943806873
394180,server_1,0,Read,288097,8192,26.237284167904555
394912,server_1,0,Write,895907,4096,41.36955441868661
395861,server_1,0,Read,181549,53248,37.81206517675444
396734,server_1,0,Read,150125,8192,18.34319615470268
397509,server_1,0,Read,675371,4096,14.542188706873512
397883,server_1,0,Read,219922,8192,37.67897679272219
398361,server_1,0,Write,792488,53248,20.862655894264503
399139,server_1,0,Read,299939,8192,8.470026060434485
399987,server_1,0,Write,566054,167936,28.56826265555266
400477,server_1,0,Read,779936,151552,33.851461855278714
400762,server_1,0,Read,680850,49152,21.604118207647932
401368,server_1,0,Write,329138,8192,39.13905903070519
401428,server_1,0,Write,146311,606208,42.73852735181242
401681,server_1,0,Read,455640,299008,10.772252814596476
402268,server_1,0,Read,957657,8192,29.570259528217704
402426,server_1,0,Write,462614,12288,23.63732487329128
402961,server_1,0,Read,899188,4096,9.945642857667815
403486,server_1,0,Read,284502,4096,43.78496634004316
403578,server_1,0,Read,251738,327680,40.51725549999264
403792,server_1,0,Read,41181,4096,12.072577911766597
404233,server_1,0,Read,150021,4096,42.440572254204305
404392,server_1,0,Write,367704,221184,6.25476675586586
404966,server_1,0,Write,274542,262144,8.15562554722162
405084,server_1,0,Write,585496,57344,18.572144440217297
405682,server_1,0,Write,953785,16384,19.516545940357226
406579,server_1,0,Write,487403,4096,22.667102594933322
406690,server_1,0,Read,187976,12288,41.14935168404117
407209,server_1,0,Write,312069,73728,1.8869827629818792
407727,server_1,0,Read,78501,4096,31.96840098475394
408202,server_1,0,Write,245033,16121856,47.68244017197066
408295,server_1,0,Read,176975,4096,37.393210991430045
409235,server_1,0,Read,393696,24576,11.993799181209086
409462,server_1,0,Read,234361,4096,46.48545257464502
410025,server_1,0,Write,380221,40960,4.551404786194264
410610,server_1,0,Read,379664,4096,26.946555616318847
410820,server_1,0,Write,691032,8192,3.1521841028111686
411419,server_1,0,Read,612387,24576,19.800350611151558
411595,server_1,0,Write,487019,4096,24.4913060414918
412524,server_1,0,Read,608049,77824,14.599498860272275
412933,server_1,0,Read,352492,7012352,12.366346766888393
413732,server_1,0,Write,238362,8192,27.945097946115208
414520,server_1,0,Read,170861,8192,25.534048386976128
415107,server_1,0,Read,773211,12288,8.02769744603576
415532,server_1,0,Read,490306,32768,7.5836075056490815
415851,server_1,0,Read,100748,4096,20.413956867630564
416263,server_1,0,Read,152754,24576,7.145302584146934
416952,server_1,0,Write,302395,4096,2.840168370784627
417923,server_1,0,Read,374888,8192,21.899909501099042
418843,server_1,0,Read,377078,4096,16.204771065447943
419842,server_1,0,Read,875907,4096,25.237302133951623
420839,server_1,0,Write,538948,4096,7.00972312007768
421606,server_1,0,Write,395211,3629056,10.036911677608193
422287,server_1,0,Write,582857,78086144,27.021643387039386
422630,server_1,0,Write,787669,495616,11.116083861362949
423310,server_1,0,Read,926717,188416,32.41339685541162
424103,server_1,0,Read,788051,8192,38.896497661180206
424909,server_1,0,Read,689207,4096,9.757946120023394
425893,server_1,0,Read,597693,4096,27.13877444318548
425933,server_1,0,Read,6653,4096,45.54992798819347
425968,server_1,0,Write,639444,4096,47.0652577238036
426682,server_1,0,Read,136951,8192,19.578002683079646
426836,server_1,0,Write,775006,434176,20.157669174952133
427050,server_1,0,Write,132156,16384,34.06195848408906
427800,server_1,0,Read,202596,28672,26.230475511394744
427818,server_1,0,Write,334384,28672,33.5267530552226
428023,server_1,0,Read,14868,4096,45.34229734714721
428380,server_1,0,Write,374693,4096,23.679477796350806
429109,server_1,0,Read,891039,4096,4.193744844284881
429191,server_1,0,Read,877416,4096,33.678288371531885
429786,server_1,0,Read,130427,32768,27.89002518793384
429883,server_1,0,Write,842974,8192,39.20044526498011
429887,server_1,0,Write,631092,4096,46.12409918702681
430796,server_1,0,Write,235150,1802240,29.340960472820253
431036,server_1,0,Read,297686,77824,6.166665659295646
431201,server_1,0,Write,553533,8192,45.569288735387346
432116,server_1,0,Write,512919,12288,24.314628582847206
432598,server_1,0,Write,886732,4591616,44.11973713157958
432850,server_1,0,Read,871806,4096,43.91121029023792
433616,server_1,0,Read,131733,4096,21.98652445461693
433740,server_1,0,Read,365221,8192,34.88862694536767
434464,server_1,0,Write,862475,4452352,20.819259229920117
435151,server_1,0,Write,111652,4096,31.71414257262957
435929,server_1,0,Write,13820,16384,20.15002430631902
436149,server_1,0,Write,631709,143360,22.27576452520688
436399,server_1,0,Read,23634,4096,22.682731354806332
436495,server_1,0,Read,894563,20480,42.183708675364066
436689,server_1,0,Read,955063,4096,18.76053077037966
437062,server_1,0,Read,857309,4096,47.52709761494564
437281,server_1,0,Read,318657,12288,9.794852041892257
437433,server_1,0,Read,74769,8192,20.96729426442057
438394,server_1,0,Read,878105,4096,12.442382945997368
439177,server_1,0,Read,696953,4096,42.1253104734545
439493,server_1,0,Write,397134,24576,2.6544961747876306
439896,server_1,0,Read,359687,8192,27.245046702615568
440094,server_1,0,Read,626866,4096,20.314152425002774
441091,server_1,0,Read,259362,8192,44.00452610351382
441772,server_1,0,Write,100794,36864,45.36236728864227
442243,server_1,0,Write,277573,184320,40.65623917267354
443159,server_1,0,Write,756658,1232896,3.281290231709283
444031,server_1,0,Write,828806,192512,33.902390800134086
444462,server_1,0,Read,131394,61440,14.279730696591367
444932,server_1,0,Read,238840,4096,10.424301960027716
445735,server_1,0,Read,219254,4096,7.75752828717256
445760,server_1,0,Read,485416,61440,46.83676179754278
446254,server_1,0,Read,368232,520192,45.03880491669779
446358,server_1,0,Read,979481,12288,33.14340410184089
447337,server_1,0,Write,691705,4096,35.710726030585136
447810,server_1,0,Read,277428,4096,17.350117897025175
447815,server_1,0,Write,406674,4096,19.872660850590144
448353,server_1,0,Write,948110,8192,39.12056330990422
448691,server_1,0,Write,550062,49152,25.881717281210033
449269,server_1,0,Read,585036,8192,29.41227375093365
449683,server_1,0,Write,556783,12288,15.101240239043577
449721,server_1,0,Write,624894,4096,31.084474560605408
449787,server_1,0,Read,952245,4096,12.50543041823193
450720,server_1,0,Write,764905,20480,16.479562217303116
451640,server_1,0,Read,442066,20480,32.646071412718314
452518,server_1,0,Read,622703,4096,21.308437354772774
453398,server_1,0,Read,326298,4096,37.88757907373203
454391,server_1,0,Read,677353,12288,33.30233236436691
455119,server_1,0,Read,443641,4096,20.1826967132059
455391,server_1,0,Write,766922,184320,17.517372719653114
455409,server_1,0,Write,766300,12288,24.481233408382685
455981,server_1,0,Write,519392,24576,14.79866368343109
455987,server_1,0,Write,158016,4096,24.13145404055761
456429,server_1,0,Read,465700,4096,14.57143379926955
457243,server_1,0,Read,192056,4096,37.12567378037141
458238,server_1,0,Read,76831,20480,12.94424833150965
458344,server_1,0,Read,401394,4096,48.834476835237766
459072,server_1,0,Read,191886,16384,23.667173579732182
459779,server_1,0,Read,60089,4096,6.734109967219362
460492,server_1,0,Read,327429,28672,8.739328084011245
460803,server_1,0,Write,700918,4096,19.72374636827865
460904,server_1,0,Write,894512,45056,14.800170480847521
460954,server_1,0,Read,124509,4096,9.332584056361258
461938,server_1,0,Write,638587,73728,22.791857597102126
462740,server_1,0,Read,75951,4096,27.969643967050736
463210,server_1,0,Read,600694,8192,47.20605459311736
463496,server_1,0,Write,598723,24576,18.991936764131054
463731,server_1,0,Write,439000,4096,28.773503070403923
463905,server_1,0,Write,110590,4096,7.544942676409294
464071,server_1,0,Read,318294,4096,43.72761411907561
464907,server_1,0,Read,860532,24576,46.98449445886634
465742,server_1,0,Write,508629,4096,31.203355001102437
466453,server_1,0,Read,272353,2174976,4.347692561218102
466584,server_1,0,Write,838689,16384,10.61069590020515
467380,server_1,0,Write,720241,950272,32.45423145662197
467680,server_1,0,Write,936546,643072,10.80868088023827
467914,server_1,0,Read,986910,8192,4.2710351542121385
468674,server_1,0,Read,710183,4096,49.18564154907154
469189,server_1,0,Read,988668,4096,33.10715734278062
469634,server_1,0,Read,62320,143360,28.352016220579685
469965,server_1,0,Read,65097,16384,7.484710403979576
470256,server_1,0,Read,770202,4096,5.9894684146244295
471176,server_1,0,Write,304235,28672,28.108636128797826
471856,server_1,0,Write,308649,2285568,16.524887829367785
472527,server_1,0,Write,223290,122880,37.993585176042366
472932,server_1,0,Read,428423,16384,30.65080549561095
473843,server_1,0,Read,325073,5103616,23.559401585788574
474189,server_1,0,Write,95660,4096,19.648788420403537
474610,server_1,0,Write,132494,4096,34.84691821090056
475499,server_1,0,Write,847020,4096,33.28472952725999
475626,server_1,0,Write,925223,4096,43.65740675720044
476079,server_1,0,Read,121370,32985088,4.83456916942642
476985,server_1,0,Write,70172,4096,45.73771836410444
477878,server_1,0,Read,14196,4096,9.404479504984913
478056,server_1,0,Read,331121,49152,45.39934800596554
478959,server_1,0,Write,560840,4096,36.55715299295562
479126,server_1,0,Read,466007,4096,7.574704541480778
479909,server_1,0,Read,450302,4096,8.527369429496623
480729,server_1,0,Write,273486,4096,40.542429247747414
481555,server_1,0,Read,901214,4096,3.7141313067739468
481615,server_1,0,Read,231510,4096,7.4973089619667945
481673,server_1,0,Read,336665,8167424,18.317183942155015
481960,server_1,0,Read,734654,4096,18.004425693608763
482207,server_1,0,Write,69281,4096,31.774974006604346
482527,server_1,0,Write,633463,8192,40.6300431094765
482795,server_1,0,Write,274711,4096,38.865938710164095
483734,server_1,0,Read,979552,16384,10.490814836238613
484029,server_1,0,Write,142565,4096,20.772794225933254
484073,server_1,0,Write,302401,1179648,43.25930970293767
484942,server_1,0,Read,66702,4096,31.130634583090085
485501,server_1,0,Write,126582,544768,49.116573895417694
485628,server_1,0,Write,141587,29298688,37.5617427534389
486546,server_1,0,Write,485741,188416,12.160636030567147
487432,server_1,0,Read,171918,45056,31.233862832588198
488243,server_1,0,Read,344962,4096,23.14920085355966
488821,server_1,0,Write,561148,57344,17.886257291432482
489498,server_1,0,Read,10174,4096,9.016774686721794
490181,server_1,0,Read,662926,12288,23.253583384629486
491086,server_1,0,Write,901091,8192,46.02256898237414
491496,server_1,0,Read,282740,212992,49.063462578363854
492154,server_1,0,Write,176872,4096,32.279804381973705
492509,server_1,0,Write,775550,4096,13.905046694239104
492959,server_1,0,Read,786216,4096,31.968256026575173
493823,server_1,0,Read,284541,401408,14.110793386881157
494143,server_1,0,Read,935183,897024,47.82102756051309
495040,server_1,0,Write,416312,8192,42.88526289559398
495124,server_1,0,Write,286974,12288,49.67005317296782
495713,server_1,0,Read,995622,4096,30.641016431828167
495971,server_1,0,Read,348838,11132928,15.264768756900809
496906,server_1,0,Read,930623,4096,8.634611803270992
497836,server_1,0,Write,536005,4096,10.200250637185695
498028,server_1,0,Write,116429,24576,35.40602657917912
498925,server_1,0,Read,844983,634880,21.379268350574876
499076,server_1,0,Write,842811,4096,44.27309381475789
499126,server_1,0,Write,711068,20480,12.965027132201437
499941,server_1,0,Write,787418,126976,20.444150872909418
500683,server_1,0,Read,174194,3371008,49.381524605810185
501119,server_1,0,Write,462712,1122304,36.135218624137906
501898,server_1,0,Read,147699,8192,32.232960718953095
502880,server_1,0,Write,825994,104857600,33.10634742575713
503563,server_1,0,Read,591570,4096,29.355346478203575
503942,server_1,0,Write,103286,53248,19.035437795311907
504840,server_1,0,Read,37289,4096,9.62299438975729
505365,server_1,0,Read,964933,9547776,37.66403715113185
505657,server_1,0,Write,388033,4096,48.77554872063823
505907,server_1,0,Write,923519,32768,19.158889103440817
506538,server_1,0,Read,528762,53248,36.29977405220518
507055,server_1,0,Write,571863,12288,6.12614572904233
507975,server_1,0,Read,302582,8192,21.593387720767833
507997,server_1,0,Read,466708,24576,3.26029226151757
508224,server_1,0,Read,664970,4096,6.761362658222641
508739,server_1,0,Read,436353,4096,21.635929976385796
508825,server_1,0,Write,779181,8192,28.757374412228458
509807,server_1,0,Write,222664,4096,49.51145488572339
510512,server_1,0,Write,917790,4096,24.011502546306573
510886,server_1,0,Read,933139,393216,39.873514401014624
511457,server_1,0,Write,217165,36864,13.638203957156717
512051,server_1,0,Write,638562,4096,41.76185980576675
513021,server_1,0,Write,377139,180224,42.930290900416736
513874,server_1,0,Write,636336,12288,47.62990081574504
514597,server_1,0,Read,214136,16384,46.522735917770014
515206,server_1,0,Read,327612,4096,11.613664757546843
